#
# Structure for table "karyawan"
#

DROP TABLE IF EXISTS `karyawan`;
CREATE TABLE `karyawan` (
  `nik` char(16) NOT NULL DEFAULT '',
  `nama_depan` varchar(35) NOT NULL DEFAULT '',
  `nama_belakang` varchar(35) DEFAULT NULL,
  `jabatan` varchar(10) NOT NULL DEFAULT '' COMMENT '0=manager,1=staff',
  `alamat` text NOT NULL,
  `telpon` varchar(30) NOT NULL DEFAULT '',
  `email` varchar(40) NOT NULL DEFAULT '',
  `password` varchar(150) NOT NULL DEFAULT '',
  `tempat_lahir` varchar(30) NOT NULL DEFAULT '',
  `tanggal_lahir` char(20) NOT NULL DEFAULT '',
  `jenis_kelamin` varchar(10) NOT NULL DEFAULT '' COMMENT '0=laki-laki,1=perempuan',
  `status` varchar(10) NOT NULL DEFAULT '' COMMENT '0=lajang,1=menikah',
  `pendidikan_terakhir` enum('SD','SMP','SMA','SMK','MA','D3','S1','S2','S3','PROF') NOT NULL DEFAULT 'SD',
  `gaji` int(8) NOT NULL DEFAULT '0',
  `foto` varchar(100) NOT NULL DEFAULT '',
  `created_at` timestamp NULL DEFAULT NULL,
  `updated_at` timestamp NULL DEFAULT NULL,
  PRIMARY KEY (`nik`)
) ENGINE=InnoDB DEFAULT CHARSET=latin1 ROW_FORMAT=DYNAMIC;

#
# Data for table "karyawan"
#

INSERT INTO `karyawan` VALUES ('4184228028113168','Caden','Treva','staff','And I declare it\'s too bad, that it was all very.','+1-218-279-3949','cleta.beer@example.org','$2y$10$VKGh5slYzbh1lZ.oMVJ3TutYtIih5TOWEZoSqa1K9Sl/WcmI4uNfW','balikpapan','2002-01-28','perempuan','menikah','SD',7000000,'./images/no-menu-1.png','2019-09-09 09:55:32',NULL),('5682905397098938','Horacio','Paula','staff','Footman remarked, \'till tomorrow--\' At this.','+1-748-644-2521','xander.nicolas@example.com','$2y$10$ZjiWsa/0ekLHTZUgNs/ic.HuEVnQ1Qemb695QQv0gfTkU7DIyf.DW','balikpapan','1974-07-18','laki-laki','lajang','PROF',5000000,'./images/no-menu-1.png','2019-09-16 03:36:34',NULL),('6968109494229619','Chris','Nakia','staff','Mock Turtle. \'Hold your tongue!\' said the.','451-432-0624 x580','jovan.schaefer@example.org','$2y$10$DCfbbWTk.sp1WYLoK2AVgec/DpuD49b2HsO5CIQX8ADPCbs9u0tP2','balikpapan','1985-12-01','laki-laki','lajang','SD',6000000,'./images/no-menu-1.png','2019-09-16 09:25:52',NULL),('8098628051800406','Johathan','Jacynthe','manajer','I get it home?\' when it saw Alice. It looked.','1-626-905-7244 x864','ignacio.shanahan@example.org','$2y$10$Iw/sxPPiJ/p2SC.7VlMi.uIy6RmhqrGorZhAhL508yyD7YISnJUt.','samarinda','1980-12-07','laki-laki','menikah','MA',3000000,'./images/no-menu-1.png','2019-09-27 08:36:15',NULL),('9435823877595797','Demario','Ellie','staff','All the time they were all crowded round it.','+1 (550) 325-6707','jamison60@example.net','$2y$10$VeJBLz6XZr3wd1AL6tLbF.XKrVDOSGTT.h1h3Qad2Y58a5VClHqjG','balikpapan','1981-10-27','perempuan','menikah','SMP',5000000,'./images/no-menu-1.png','2019-08-30 10:18:23',NULL);

#
# Structure for table "menu"
#

DROP TABLE IF EXISTS `menu`;
CREATE TABLE `menu` (
  `kode_menu` int(11) NOT NULL AUTO_INCREMENT COMMENT 'uuid',
  `nama_menu` varchar(50) NOT NULL DEFAULT '',
  `kategori` varchar(10) NOT NULL DEFAULT '' COMMENT '0=makanan,1=minuman,2=camilan',
  `harga` int(7) NOT NULL DEFAULT '0',
  `satuan` varchar(10) NOT NULL DEFAULT '' COMMENT '0=piring,1=mangkok,2=gelas',
  `foto` varchar(100) DEFAULT NULL,
  `created_at` timestamp NULL DEFAULT NULL,
  `updated_at` timestamp NULL DEFAULT NULL,
  PRIMARY KEY (`kode_menu`)
) ENGINE=InnoDB AUTO_INCREMENT=17 DEFAULT CHARSET=latin1 ROW_FORMAT=DYNAMIC;

#
# Data for table "menu"
#

INSERT INTO `menu` VALUES (1,'Bacon Burger','makanan',19500,'gelas','./images/no-menu-1.png','2019-09-12 11:24:10',NULL),(2,'Veggie Sandwich','makanan',13500,'mangkuk','./images/no-menu-1.png','2019-09-20 11:12:49',NULL),(3,'Veggie Sandwich','makanan',8000,'gelas','./images/no-menu-1.png','2019-09-13 06:34:58',NULL),(4,'Cheese Veggie Sandwich','camilan',17000,'gelas','./images/no-menu-1.png','2019-09-08 11:50:39',NULL),(5,'Little Cheeseburger','camilan',10000,'piring','./images/no-menu-1.png','2019-09-11 12:54:30',NULL),(6,'Cheese Veggie Sandwich','camilan',6500,'mangkuk','./images/no-menu-1.png','2019-09-23 10:00:53',NULL),(7,'Bacon Burger','minuman',10500,'mangkuk','./images/no-menu-1.png','2019-09-22 05:33:54',NULL),(8,'Cheese Dog','minuman',9500,'gelas','./images/no-menu-1.png','2019-09-04 12:42:30',NULL),(9,'Pasta','camilan',14500,'mangkuk','./images/no-menu-1.png','2019-09-11 07:33:10',NULL),(10,'Little Bacon Cheeseburger','minuman',18000,'mangkuk','./images/no-menu-1.png','2019-09-08 08:28:21',NULL),(11,'Grilled Cheese','minuman',6000,'piring','./images/no-menu-1.png','2019-09-22 12:53:18',NULL),(12,'Little Hamburger','minuman',16000,'mangkuk','./images/no-menu-1.png','2019-09-11 07:57:24',NULL),(13,'Bacon Cheese Dog','minuman',17000,'mangkuk','./images/no-menu-1.png','2019-09-26 07:28:56',NULL),(14,'Little Cheeseburger','camilan',19000,'mangkuk','./images/no-menu-1.png','2019-09-15 06:09:25',NULL),(15,'Cheese Dog','minuman',6000,'gelas','./images/no-menu-1.png','2019-09-02 10:04:47',NULL),(16,'Cheese Veggie Sandwich','makanan',10000,'gelas','./images/no-menu-1.png','2019-09-27 05:34:57',NULL),(17,'Little Cheeseburger','makanan',5000,'gelas','./images/no-menu-1.png','2019-09-10 09:58:00',NULL),(18,'Bacon Cheese Dog','camilan',6500,'gelas','./images/no-menu-1.png','2019-09-01 01:02:09',NULL),(19,'Bacon Cheese Dog','camilan',15500,'piring','./images/no-menu-1.png','2019-09-08 03:24:31',NULL),(20,'Hamburger','minuman',11000,'piring','./images/no-menu-1.png','2019-09-28 01:28:14',NULL),(21,'Hamburger','minuman',17500,'piring','./images/no-menu-1.png','2019-09-10 12:36:57',NULL),(22,'Bacon Dog','minuman',14500,'piring','./images/no-menu-1.png','2019-09-18 11:08:43',NULL),(23,'Little Cheeseburger','makanan',12500,'mangkuk','./images/no-menu-1.png','2019-09-23 11:32:22',NULL),(24,'Veggie Sandwich','camilan',10000,'gelas','./images/no-menu-1.png','2019-09-17 12:03:46',NULL),(25,'Bacon Cheeseburger','minuman',14000,'mangkuk','./images/no-menu-1.png','2019-09-13 04:41:33',NULL);

#
# Structure for table "mutasi_menu"
#

DROP TABLE IF EXISTS `mutasi_menu`;
CREATE TABLE `mutasi_menu` (
  `kode_mutasi` int(11) NOT NULL AUTO_INCREMENT COMMENT 'uuid',
  `kode_transaksi` char(36) NOT NULL DEFAULT '',
  `nama_menu` varchar(50) NOT NULL DEFAULT '',
  `unit` int(3) NOT NULL DEFAULT '0',
  `kategori` varchar(10) NOT NULL DEFAULT '' COMMENT '0=makanan,1=minuman,2=camilan',
  `harga` int(7) NOT NULL DEFAULT '0',
  `satuan` varchar(10) NOT NULL DEFAULT '' COMMENT '0=piring,1=mangkuk,2=gelas',
  `foto` varchar(100) DEFAULT NULL,
  `created_at` timestamp NULL DEFAULT NULL,
  `updated_at` timestamp NULL DEFAULT NULL,
  PRIMARY KEY (`kode_mutasi`)
) ENGINE=InnoDB DEFAULT CHARSET=latin1 ROW_FORMAT=DYNAMIC;

#
# Data for table "mutasi_menu"
#

INSERT INTO `mutasi_menu` VALUES (1,'1','Veggie Sandwich',62,'minuman',14000,'mangkuk','./images/no-menu-1.png','2019-09-28 06:11:52',NULL),(2,'1','Little Hamburger',76,'minuman',17500,'piring','./images/no-menu-1.png','2019-09-29 07:20:32',NULL),(3,'1','Grilled Cheese',8,'minuman',11000,'piring','./images/no-menu-1.png','2019-09-14 11:03:31',NULL),(4,'1','Pasta',30,'minuman',6000,'gelas','./images/no-menu-1.png','2019-09-27 11:00:30',NULL),(5,'1','Veggie Sandwich',12,'minuman',17000,'mangkuk','./images/no-menu-1.png','2019-09-11 06:53:30',NULL),(6,'1','Little Hamburger',37,'minuman',18000,'mangkuk','./images/no-menu-1.png','2019-09-30 09:02:52',NULL),(7,'2','Little Bacon Burger',13,'camilan',10000,'gelas','./images/no-menu-1.png','2019-09-08 07:50:12',NULL),(8,'2','Veggie Sandwich',74,'minuman',10500,'mangkuk','./images/no-menu-1.png','2019-09-20 03:48:51',NULL),(9,'2','Veggie Sandwich',74,'camilan',19000,'mangkuk','./images/no-menu-1.png','2019-08-29 05:57:38',NULL),(10,'2','Bacon Dog',47,'makanan',12500,'mangkuk','./images/no-menu-1.png','2019-09-19 01:41:30',NULL),(11,'3','Cheese Dog',59,'camilan',10000,'gelas','./images/no-menu-1.png','2019-09-10 03:44:17',NULL),(12,'3','Bacon Dog',40,'minuman',6000,'piring','./images/no-menu-1.png','2019-09-21 10:04:16',NULL),(13,'3','Little Bacon Cheeseburger',8,'camilan',6500,'mangkuk','./images/no-menu-1.png','2019-09-21 04:47:41',NULL),(14,'3','Hamburger',34,'camilan',15500,'piring','./images/no-menu-1.png','2019-09-12 10:51:19',NULL),(15,'3','Little Bacon Burger',87,'makanan',12500,'mangkuk','./images/no-menu-1.png','2019-09-23 03:33:16',NULL),(16,'4','Grilled Cheese',72,'makanan',8000,'gelas','./images/no-menu-1.png','2019-09-11 03:11:28',NULL),(17,'4','Bacon Cheeseburger',66,'minuman',6000,'gelas','./images/no-menu-1.png','2019-08-31 06:41:17',NULL),(18,'4','Little Hamburger',29,'minuman',14500,'piring','./images/no-menu-1.png','2019-09-12 05:13:05',NULL),(19,'4','Bacon Cheese Dog',61,'makanan',5000,'gelas','./images/no-menu-1.png','2019-09-04 08:57:33',NULL),(20,'4','Little Bacon Cheeseburger',74,'makanan',13500,'mangkuk','./images/no-menu-1.png','2019-09-29 10:08:00',NULL),(21,'4','Veggie Sandwich',51,'camilan',6500,'mangkuk','./images/no-menu-1.png','2019-09-19 05:00:04',NULL),(22,'4','Pasta',9,'minuman',17500,'piring','./images/no-menu-1.png','2019-09-14 01:30:12',NULL),(23,'4','Pasta',59,'minuman',9500,'gelas','./images/no-menu-1.png','2019-09-08 06:04:14',NULL),(24,'5','Bacon Cheese Dog',26,'minuman',6000,'piring','./images/no-menu-1.png','2019-09-04 08:09:38',NULL),(25,'5','Pasta',1,'minuman',6000,'piring','./images/no-menu-1.png','2019-09-06 03:27:13',NULL),(26,'5','Little Hamburger',18,'minuman',17500,'piring','./images/no-menu-1.png','2019-08-30 06:42:53',NULL),(27,'6','Veggie Sandwich',42,'makanan',12500,'mangkuk','./images/no-menu-1.png','2019-09-27 08:43:44',NULL),(28,'6','Bacon Burger',76,'minuman',17500,'piring','./images/no-menu-1.png','2019-09-26 03:11:24',NULL),(29,'6','Little Bacon Cheeseburger',65,'makanan',8000,'gelas','./images/no-menu-1.png','2019-09-27 11:01:34',NULL),(30,'6','Pasta',19,'makanan',13500,'mangkuk','./images/no-menu-1.png','2019-09-12 08:54:49',NULL),(31,'7','Little Cheeseburger',8,'makanan',13500,'mangkuk','./images/no-menu-1.png','2019-09-22 04:14:53',NULL),(32,'7','Cheeseburger',27,'minuman',6000,'gelas','./images/no-menu-1.png','2019-08-29 12:50:30',NULL),(33,'7','Bacon Cheese Dog',3,'minuman',17000,'mangkuk','./images/no-menu-1.png','2019-09-17 05:11:06',NULL),(34,'8','Cheese Dog',36,'camilan',10000,'piring','./images/no-menu-1.png','2019-09-18 03:57:33',NULL),(35,'8','Little Bacon Cheeseburger',72,'minuman',17000,'mangkuk','./images/no-menu-1.png','2019-09-08 01:27:03',NULL),(36,'8','Little Hamburger',98,'minuman',18000,'mangkuk','./images/no-menu-1.png','2019-09-20 05:29:32',NULL),(37,'8','Cheese Pizza',36,'makanan',5000,'gelas','./images/no-menu-1.png','2019-09-26 08:00:14',NULL),(38,'9','Little Cheeseburger',23,'camilan',17000,'gelas','./images/no-menu-1.png','2019-09-01 04:16:38',NULL),(39,'9','Bacon Cheese Dog',76,'minuman',14500,'piring','./images/no-menu-1.png','2019-09-01 06:35:08',NULL),(40,'9','Bacon Cheeseburger',41,'minuman',16000,'mangkuk','./images/no-menu-1.png','2019-09-25 09:31:37',NULL),(41,'9','Little Bacon Burger',13,'camilan',10000,'gelas','./images/no-menu-1.png','2019-09-18 07:44:12',NULL),(42,'9','Little Hamburger',97,'camilan',6500,'gelas','./images/no-menu-1.png','2019-09-03 06:50:19',NULL),(43,'9','Little Bacon Burger',86,'minuman',17000,'mangkuk','./images/no-menu-1.png','2019-09-09 04:21:06',NULL),(44,'10','Pasta',48,'camilan',19000,'mangkuk','./images/no-menu-1.png','2019-09-03 07:47:52',NULL),(45,'10','Cheese Dog',39,'camilan',15500,'piring','./images/no-menu-1.png','2019-09-14 10:50:23',NULL),(46,'10','Cheeseburger',82,'minuman',17000,'mangkuk','./images/no-menu-1.png','2019-09-30 02:54:56',NULL),(47,'10','Pasta',16,'minuman',17000,'mangkuk','./images/no-menu-1.png','2019-09-08 03:11:40',NULL),(48,'10','Cheeseburger',46,'minuman',11000,'piring','./images/no-menu-1.png','2019-09-28 12:43:15',NULL),(49,'11','Little Bacon Burger',67,'camilan',6500,'gelas','./images/no-menu-1.png','2019-09-18 02:16:13',NULL),(50,'11','Cheese Veggie Sandwich',50,'minuman',9500,'gelas','./images/no-menu-1.png','2019-09-10 02:31:07',NULL),(51,'12','Bacon Cheese Dog',88,'camilan',17000,'gelas','./images/no-menu-1.png','2019-09-16 03:40:02',NULL),(52,'12','Little Cheeseburger',88,'minuman',18000,'mangkuk','./images/no-menu-1.png','2019-08-30 03:46:39',NULL),(53,'12','Bacon Burger',64,'minuman',9500,'gelas','./images/no-menu-1.png','2019-09-21 03:26:02',NULL),(54,'12','Cheese Pizza',21,'camilan',6500,'gelas','./images/no-menu-1.png','2019-09-29 09:18:32',NULL),(55,'12','Little Bacon Burger',47,'minuman',11000,'piring','./images/no-menu-1.png','2019-09-21 08:19:25',NULL),(56,'12','Little Bacon Burger',52,'minuman',17000,'mangkuk','./images/no-menu-1.png','2019-09-22 08:36:28',NULL),(57,'12','Bacon Cheese Dog',44,'camilan',6500,'gelas','./images/no-menu-1.png','2019-08-31 03:02:48',NULL),(58,'12','Little Hamburger',83,'camilan',15500,'piring','./images/no-menu-1.png','2019-09-02 09:05:29',NULL),(59,'12','Bacon Burger',46,'camilan',15500,'piring','./images/no-menu-1.png','2019-09-07 09:59:13',NULL),(60,'12','Little Hamburger',8,'minuman',11000,'piring','./images/no-menu-1.png','2019-09-04 04:11:21',NULL),(61,'12','Little Bacon Cheeseburger',73,'minuman',9500,'gelas','./images/no-menu-1.png','2019-09-27 12:47:55',NULL),(62,'12','Bacon Cheeseburger',46,'minuman',9500,'gelas','./images/no-menu-1.png','2019-08-28 08:29:01',NULL),(63,'12','Cheese Veggie Sandwich',91,'minuman',6000,'gelas','./images/no-menu-1.png','2019-09-19 09:40:41',NULL),(64,'13','Grilled Cheese',28,'camilan',17000,'gelas','./images/no-menu-1.png','2019-08-31 07:44:24',NULL),(65,'13','Little Bacon Burger',81,'minuman',11000,'piring','./images/no-menu-1.png','2019-09-22 04:08:12',NULL),(66,'14','Hamburger',26,'minuman',6000,'piring','./images/no-menu-1.png','2019-09-24 12:12:27',NULL),(67,'14','Little Bacon Burger',26,'makanan',5000,'gelas','./images/no-menu-1.png','2019-09-30 02:12:23',NULL),(68,'14','Bacon Cheese Dog',55,'minuman',6000,'gelas','./images/no-menu-1.png','2019-08-30 03:07:08',NULL),(69,'14','Bacon Cheese Dog',12,'minuman',16000,'mangkuk','./images/no-menu-1.png','2019-09-26 11:26:55',NULL),(70,'15','Cheese Pizza',45,'makanan',5000,'gelas','./images/no-menu-1.png','2019-09-15 02:02:57',NULL),(71,'15','Little Hamburger',11,'camilan',14500,'mangkuk','./images/no-menu-1.png','2019-09-11 05:22:29',NULL),(72,'15','Little Cheeseburger',33,'camilan',17000,'gelas','./images/no-menu-1.png','2019-09-15 01:14:50',NULL),(73,'16','Little Cheeseburger',81,'camilan',10000,'piring','./images/no-menu-1.png','2019-09-28 08:41:18',NULL),(74,'16','Cheese Pizza',97,'camilan',14500,'mangkuk','./images/no-menu-1.png','2019-09-15 10:11:49',NULL),(75,'16','Bacon Burger',45,'minuman',18000,'mangkuk','./images/no-menu-1.png','2019-09-28 06:14:05',NULL),(76,'16','Bacon Dog',70,'minuman',16000,'mangkuk','./images/no-menu-1.png','2019-09-05 09:17:42',NULL),(77,'16','Bacon Burger',47,'minuman',14500,'piring','./images/no-menu-1.png','2019-09-17 04:09:32',NULL),(78,'16','Bacon Burger',55,'makanan',13500,'mangkuk','./images/no-menu-1.png','2019-08-29 03:05:04',NULL),(79,'16','Cheeseburger',36,'camilan',6500,'mangkuk','./images/no-menu-1.png','2019-09-10 05:25:29',NULL),(80,'17','Little Bacon Cheeseburger',25,'minuman',11000,'piring','./images/no-menu-1.png','2019-09-12 04:43:40',NULL),(81,'17','Grilled Cheese',14,'minuman',17500,'piring','./images/no-menu-1.png','2019-09-11 10:32:19',NULL),(82,'17','Bacon Dog',25,'minuman',18000,'mangkuk','./images/no-menu-1.png','2019-09-22 12:14:41',NULL),(83,'17','Bacon Burger',8,'camilan',14500,'mangkuk','./images/no-menu-1.png','2019-09-28 04:49:13',NULL),(84,'17','Veggie Sandwich',10,'makanan',12500,'mangkuk','./images/no-menu-1.png','2019-08-29 06:59:24',NULL),(85,'17','Little Bacon Burger',34,'camilan',17000,'gelas','./images/no-menu-1.png','2019-09-16 12:47:50',NULL),(86,'18','Cheese Dog',21,'camilan',6500,'mangkuk','./images/no-menu-1.png','2019-09-16 07:38:32',NULL),(87,'18','Cheeseburger',77,'minuman',14000,'mangkuk','./images/no-menu-1.png','2019-09-13 03:11:38',NULL),(88,'18','Hamburger',57,'camilan',17000,'gelas','./images/no-menu-1.png','2019-09-01 07:11:47',NULL),(89,'18','Cheeseburger',60,'camilan',17000,'gelas','./images/no-menu-1.png','2019-09-22 05:06:39',NULL),(90,'18','Cheese Dog',85,'makanan',12500,'mangkuk','./images/no-menu-1.png','2019-09-07 01:39:05',NULL),(91,'18','Little Bacon Cheeseburger',8,'camilan',14500,'mangkuk','./images/no-menu-1.png','2019-09-07 09:27:00',NULL),(92,'19','Little Cheeseburger',46,'camilan',19000,'mangkuk','./images/no-menu-1.png','2019-09-19 03:17:09',NULL),(93,'19','Little Hamburger',94,'camilan',19000,'mangkuk','./images/no-menu-1.png','2019-09-20 03:43:56',NULL),(94,'19','Pasta',87,'minuman',9500,'gelas','./images/no-menu-1.png','2019-09-09 05:35:32',NULL),(95,'19','Pasta',41,'camilan',15500,'piring','./images/no-menu-1.png','2019-09-15 02:26:34',NULL),(96,'19','Pasta',57,'minuman',18000,'mangkuk','./images/no-menu-1.png','2019-08-29 04:37:52',NULL),(97,'19','Little Bacon Burger',28,'makanan',10000,'gelas','./images/no-menu-1.png','2019-09-08 12:50:10',NULL),(98,'19','Grilled Cheese',85,'makanan',13500,'mangkuk','./images/no-menu-1.png','2019-09-03 02:10:55',NULL),(99,'20','Little Hamburger',32,'camilan',15500,'piring','./images/no-menu-1.png','2019-09-28 01:48:54',NULL),(100,'20','Bacon Cheeseburger',11,'minuman',18000,'mangkuk','./images/no-menu-1.png','2019-09-21 08:53:56',NULL),(101,'20','Pasta',25,'makanan',10000,'gelas','./images/no-menu-1.png','2019-09-06 10:14:45',NULL),(102,'20','Bacon Burger',86,'camilan',19000,'mangkuk','./images/no-menu-1.png','2019-09-22 06:40:09',NULL),(103,'20','Veggie Sandwich',29,'minuman',9500,'gelas','./images/no-menu-1.png','2019-09-24 11:51:58',NULL),(104,'20','Pasta',47,'makanan',19500,'gelas','./images/no-menu-1.png','2019-08-31 02:53:47',NULL),(105,'21','Bacon Dog',7,'minuman',11000,'piring','./images/no-menu-1.png','2019-09-26 12:44:48',NULL),(106,'21','Little Cheeseburger',78,'camilan',15500,'piring','./images/no-menu-1.png','2019-09-14 11:17:44',NULL),(107,'21','Bacon Cheeseburger',55,'camilan',10000,'gelas','./images/no-menu-1.png','2019-09-19 02:52:43',NULL),(108,'22','Little Hamburger',29,'minuman',16000,'mangkuk','./images/no-menu-1.png','2019-09-24 06:17:36',NULL),(109,'22','Little Bacon Cheeseburger',63,'camilan',17000,'gelas','./images/no-menu-1.png','2019-09-13 03:25:17',NULL),(110,'22','Little Cheeseburger',83,'minuman',17000,'mangkuk','./images/no-menu-1.png','2019-09-26 11:48:14',NULL),(111,'22','Veggie Sandwich',71,'camilan',10000,'piring','./images/no-menu-1.png','2019-09-27 08:44:13',NULL),(112,'23','Hamburger',34,'makanan',13500,'mangkuk','./images/no-menu-1.png','2019-09-06 07:43:41',NULL),(113,'23','Little Bacon Burger',11,'camilan',10000,'piring','./images/no-menu-1.png','2019-08-30 09:16:51',NULL),(114,'23','Little Hamburger',94,'camilan',19000,'mangkuk','./images/no-menu-1.png','2019-09-18 03:45:53',NULL),(115,'23','Bacon Cheese Dog',91,'camilan',6500,'mangkuk','./images/no-menu-1.png','2019-09-18 06:20:53',NULL),(116,'23','Pasta',96,'makanan',10000,'gelas','./images/no-menu-1.png','2019-09-26 12:06:06',NULL),(117,'23','Bacon Burger',66,'makanan',19500,'gelas','./images/no-menu-1.png','2019-09-14 12:25:03',NULL),(118,'23','Bacon Burger',48,'minuman',17500,'piring','./images/no-menu-1.png','2019-09-03 04:09:32',NULL),(119,'24','Bacon Dog',73,'minuman',10500,'mangkuk','./images/no-menu-1.png','2019-09-18 08:50:37',NULL),(120,'24','Cheese Veggie Sandwich',94,'camilan',10000,'gelas','./images/no-menu-1.png','2019-09-15 09:07:13',NULL),(121,'24','Hamburger',65,'camilan',17000,'gelas','./images/no-menu-1.png','2019-09-04 06:06:25',NULL),(122,'25','Little Cheeseburger',41,'camilan',15500,'piring','./images/no-menu-1.png','2019-09-03 06:45:39',NULL),(123,'25','Hamburger',40,'camilan',10000,'piring','./images/no-menu-1.png','2019-09-23 09:11:22',NULL),(124,'25','Cheeseburger',15,'makanan',13500,'mangkuk','./images/no-menu-1.png','2019-09-15 10:59:41',NULL),(125,'25','Little Bacon Cheeseburger',53,'minuman',17500,'piring','./images/no-menu-1.png','2019-09-08 10:26:06',NULL),(126,'25','Bacon Cheese Dog',60,'camilan',6500,'gelas','./images/no-menu-1.png','2019-09-17 01:20:38',NULL),(127,'26','Pasta',40,'camilan',6500,'gelas','./images/no-menu-1.png','2019-09-30 04:30:30',NULL),(128,'26','Hamburger',43,'camilan',19000,'mangkuk','./images/no-menu-1.png','2019-09-19 04:54:52',NULL),(129,'26','Little Cheeseburger',25,'camilan',17000,'gelas','./images/no-menu-1.png','2019-09-13 10:12:30',NULL),(130,'26','Pasta',38,'minuman',16000,'mangkuk','./images/no-menu-1.png','2019-09-10 03:54:42',NULL),(131,'27','Cheese Veggie Sandwich',19,'camilan',6500,'gelas','./images/no-menu-1.png','2019-09-19 07:21:29',NULL),(132,'27','Bacon Dog',27,'minuman',17500,'piring','./images/no-menu-1.png','2019-09-06 03:53:03',NULL),(133,'27','Grilled Cheese',18,'makanan',10000,'gelas','./images/no-menu-1.png','2019-08-28 12:42:26',NULL),(134,'27','Cheese Dog',68,'minuman',17000,'mangkuk','./images/no-menu-1.png','2019-09-29 01:40:29',NULL),(135,'27','Bacon Cheese Dog',20,'makanan',10000,'gelas','./images/no-menu-1.png','2019-09-09 10:39:56',NULL),(136,'27','Cheese Pizza',49,'makanan',8000,'gelas','./images/no-menu-1.png','2019-09-02 11:11:14',NULL),(137,'27','Bacon Dog',79,'minuman',6000,'piring','./images/no-menu-1.png','2019-09-08 10:56:11',NULL),(138,'28','Veggie Sandwich',8,'minuman',6000,'gelas','./images/no-menu-1.png','2019-08-29 03:41:11',NULL),(139,'28','Grilled Cheese',36,'camilan',10000,'piring','./images/no-menu-1.png','2019-09-17 11:12:37',NULL),(140,'28','Little Bacon Cheeseburger',97,'minuman',17000,'mangkuk','./images/no-menu-1.png','2019-09-13 05:14:31',NULL),(141,'28','Little Hamburger',67,'camilan',6500,'gelas','./images/no-menu-1.png','2019-09-23 06:52:48',NULL),(142,'28','Bacon Dog',69,'makanan',8000,'gelas','./images/no-menu-1.png','2019-09-26 05:29:48',NULL),(143,'28','Little Bacon Burger',53,'minuman',10500,'mangkuk','./images/no-menu-1.png','2019-09-26 12:42:38',NULL),(144,'29','Bacon Burger',40,'minuman',14000,'mangkuk','./images/no-menu-1.png','2019-09-29 06:05:47',NULL),(145,'29','Cheese Veggie Sandwich',39,'camilan',19000,'mangkuk','./images/no-menu-1.png','2019-09-19 08:00:56',NULL),(146,'29','Pasta',95,'minuman',6000,'piring','./images/no-menu-1.png','2019-09-12 05:30:19',NULL),(147,'30','Bacon Cheeseburger',2,'camilan',10000,'piring','./images/no-menu-1.png','2019-09-20 02:25:49',NULL),(148,'30','Bacon Dog',38,'minuman',10500,'mangkuk','./images/no-menu-1.png','2019-09-05 09:55:32',NULL),(149,'30','Little Bacon Burger',86,'camilan',17000,'gelas','./images/no-menu-1.png','2019-09-10 02:20:19',NULL),(150,'30','Pasta',31,'camilan',6500,'gelas','./images/no-menu-1.png','2019-09-23 10:50:29',NULL),(151,'31','Hamburger',29,'camilan',10000,'gelas','./images/no-menu-1.png','2019-09-24 12:31:09',NULL),(152,'31','Grilled Cheese',27,'camilan',6500,'mangkuk','./images/no-menu-1.png','2019-09-14 06:04:50',NULL),(153,'31','Veggie Sandwich',77,'minuman',11000,'piring','./images/no-menu-1.png','2019-09-27 11:06:35',NULL),(154,'31','Bacon Cheeseburger',16,'minuman',17000,'mangkuk','./images/no-menu-1.png','2019-09-11 05:25:51',NULL),(155,'31','Little Bacon Cheeseburger',49,'makanan',8000,'gelas','./images/no-menu-1.png','2019-09-18 03:49:58',NULL),(156,'31','Little Cheeseburger',38,'minuman',6000,'gelas','./images/no-menu-1.png','2019-09-07 05:02:14',NULL),(157,'31','Grilled Cheese',67,'minuman',16000,'mangkuk','./images/no-menu-1.png','2019-09-04 06:02:53',NULL),(158,'32','Cheese Veggie Sandwich',57,'minuman',6000,'piring','./images/no-menu-1.png','2019-09-23 10:37:47',NULL),(159,'32','Bacon Dog',36,'minuman',6000,'gelas','./images/no-menu-1.png','2019-09-13 11:32:09',NULL),(160,'32','Bacon Dog',3,'camilan',19000,'mangkuk','./images/no-menu-1.png','2019-09-07 08:32:26',NULL),(161,'33','Bacon Cheeseburger',25,'camilan',10000,'gelas','./images/no-menu-1.png','2019-09-22 08:19:04',NULL),(162,'33','Cheese Pizza',30,'camilan',6500,'gelas','./images/no-menu-1.png','2019-09-29 06:55:03',NULL),(163,'33','Bacon Dog',60,'makanan',13500,'mangkuk','./images/no-menu-1.png','2019-09-14 12:22:43',NULL),(164,'33','Bacon Burger',23,'makanan',5000,'gelas','./images/no-menu-1.png','2019-08-30 12:29:41',NULL),(165,'34','Cheese Pizza',82,'camilan',6500,'mangkuk','./images/no-menu-1.png','2019-09-24 12:23:22',NULL),(166,'34','Cheeseburger',17,'minuman',14000,'mangkuk','./images/no-menu-1.png','2019-09-09 06:03:37',NULL),(167,'35','Pasta',6,'minuman',18000,'mangkuk','./images/no-menu-1.png','2019-09-09 02:43:17',NULL),(168,'35','Grilled Cheese',82,'minuman',6000,'gelas','./images/no-menu-1.png','2019-09-20 11:55:55',NULL),(169,'35','Cheeseburger',15,'camilan',6500,'mangkuk','./images/no-menu-1.png','2019-09-15 02:03:27',NULL),(170,'35','Pasta',55,'camilan',10000,'gelas','./images/no-menu-1.png','2019-08-29 04:13:06',NULL),(171,'35','Hamburger',5,'makanan',5000,'gelas','./images/no-menu-1.png','2019-09-21 05:19:00',NULL),(172,'35','Cheese Veggie Sandwich',9,'camilan',6500,'mangkuk','./images/no-menu-1.png','2019-08-31 08:24:00',NULL),(173,'35','Little Cheeseburger',34,'camilan',10000,'piring','./images/no-menu-1.png','2019-09-30 09:28:43',NULL),(174,'36','Hamburger',44,'camilan',6500,'gelas','./images/no-menu-1.png','2019-09-11 04:27:43',NULL),(175,'36','Little Hamburger',82,'minuman',17500,'piring','./images/no-menu-1.png','2019-09-26 12:13:09',NULL),(176,'36','Bacon Burger',82,'makanan',13500,'mangkuk','./images/no-menu-1.png','2019-09-03 03:47:35',NULL),(177,'36','Grilled Cheese',66,'makanan',13500,'mangkuk','./images/no-menu-1.png','2019-09-22 08:38:56',NULL),(178,'36','Bacon Dog',15,'makanan',19500,'gelas','./images/no-menu-1.png','2019-09-20 04:41:01',NULL),(179,'36','Cheeseburger',92,'minuman',10500,'mangkuk','./images/no-menu-1.png','2019-09-10 08:59:00',NULL),(180,'37','Pasta',41,'camilan',15500,'piring','./images/no-menu-1.png','2019-09-20 09:48:34',NULL),(181,'37','Cheese Dog',33,'minuman',14000,'mangkuk','./images/no-menu-1.png','2019-09-03 09:21:41',NULL),(182,'37','Cheese Pizza',54,'camilan',19000,'mangkuk','./images/no-menu-1.png','2019-09-10 05:39:57',NULL),(183,'37','Cheeseburger',11,'minuman',14000,'mangkuk','./images/no-menu-1.png','2019-09-14 01:58:50',NULL),(184,'37','Bacon Cheeseburger',43,'camilan',10000,'gelas','./images/no-menu-1.png','2019-09-22 03:23:10',NULL),(185,'37','Bacon Cheeseburger',57,'makanan',19500,'gelas','./images/no-menu-1.png','2019-09-13 07:40:40',NULL),(186,'37','Bacon Burger',22,'camilan',19000,'mangkuk','./images/no-menu-1.png','2019-08-31 05:32:03',NULL),(187,'38','Pasta',34,'minuman',16000,'mangkuk','./images/no-menu-1.png','2019-08-30 05:51:15',NULL),(188,'38','Little Hamburger',77,'minuman',6000,'piring','./images/no-menu-1.png','2019-09-20 03:48:27',NULL),(189,'38','Hamburger',84,'minuman',17000,'mangkuk','./images/no-menu-1.png','2019-09-09 06:11:49',NULL),(190,'38','Little Bacon Cheeseburger',54,'camilan',15500,'piring','./images/no-menu-1.png','2019-09-15 11:06:06',NULL),(191,'38','Bacon Cheese Dog',24,'minuman',11000,'piring','./images/no-menu-1.png','2019-09-26 08:21:04',NULL),(192,'38','Hamburger',52,'makanan',10000,'gelas','./images/no-menu-1.png','2019-09-19 05:36:23',NULL),(193,'38','Pasta',98,'camilan',6500,'mangkuk','./images/no-menu-1.png','2019-09-11 07:19:26',NULL),(194,'38','Cheese Veggie Sandwich',78,'minuman',17000,'mangkuk','./images/no-menu-1.png','2019-09-07 06:32:31',NULL),(195,'39','Hamburger',98,'camilan',14500,'mangkuk','./images/no-menu-1.png','2019-09-11 11:05:47',NULL),(196,'39','Grilled Cheese',54,'camilan',10000,'gelas','./images/no-menu-1.png','2019-09-20 12:59:33',NULL),(197,'39','Little Hamburger',21,'camilan',14500,'mangkuk','./images/no-menu-1.png','2019-09-20 04:38:57',NULL),(198,'39','Cheese Veggie Sandwich',30,'camilan',19000,'mangkuk','./images/no-menu-1.png','2019-08-28 02:11:11',NULL),(199,'40','Pasta',19,'camilan',10000,'piring','./images/no-menu-1.png','2019-09-08 11:25:21',NULL),(200,'40','Veggie Sandwich',20,'minuman',18000,'mangkuk','./images/no-menu-1.png','2019-09-13 06:34:45',NULL),(201,'40','Bacon Cheese Dog',58,'makanan',5000,'gelas','./images/no-menu-1.png','2019-09-06 08:56:16',NULL),(202,'40','Cheese Pizza',52,'minuman',14500,'piring','./images/no-menu-1.png','2019-08-30 08:35:31',NULL),(203,'40','Hamburger',43,'minuman',18000,'mangkuk','./images/no-menu-1.png','2019-09-24 10:22:14',NULL),(204,'40','Veggie Sandwich',13,'makanan',12500,'mangkuk','./images/no-menu-1.png','2019-08-28 03:11:37',NULL),(205,'41','Pasta',26,'makanan',8000,'gelas','./images/no-menu-1.png','2019-09-06 01:42:13',NULL),(206,'41','Grilled Cheese',23,'minuman',17500,'piring','./images/no-menu-1.png','2019-09-04 12:07:22',NULL),(207,'41','Little Bacon Burger',23,'minuman',11000,'piring','./images/no-menu-1.png','2019-08-31 11:31:06',NULL),(208,'42','Hamburger',81,'camilan',10000,'gelas','./images/no-menu-1.png','2019-09-24 06:23:09',NULL),(209,'42','Cheese Veggie Sandwich',63,'camilan',17000,'gelas','./images/no-menu-1.png','2019-09-06 07:53:34',NULL),(210,'42','Cheese Dog',34,'makanan',8000,'gelas','./images/no-menu-1.png','2019-09-21 12:36:16',NULL),(211,'43','Bacon Cheeseburger',71,'makanan',19500,'gelas','./images/no-menu-1.png','2019-09-27 11:57:37',NULL),(212,'43','Grilled Cheese',34,'makanan',10000,'gelas','./images/no-menu-1.png','2019-09-06 09:34:23',NULL),(213,'44','Bacon Dog',17,'camilan',10000,'piring','./images/no-menu-1.png','2019-09-30 04:24:57',NULL),(214,'44','Bacon Burger',12,'camilan',15500,'piring','./images/no-menu-1.png','2019-08-31 09:21:42',NULL),(215,'44','Pasta',80,'camilan',6500,'mangkuk','./images/no-menu-1.png','2019-09-02 02:05:47',NULL),(216,'44','Little Bacon Cheeseburger',70,'minuman',6000,'piring','./images/no-menu-1.png','2019-09-06 11:18:02',NULL),(217,'44','Little Cheeseburger',20,'makanan',8000,'gelas','./images/no-menu-1.png','2019-09-16 07:36:45',NULL),(218,'44','Little Cheeseburger',68,'makanan',8000,'gelas','./images/no-menu-1.png','2019-09-27 08:02:23',NULL),(219,'45','Little Hamburger',18,'minuman',17500,'piring','./images/no-menu-1.png','2019-09-10 03:46:56',NULL),(220,'45','Cheese Dog',20,'camilan',6500,'mangkuk','./images/no-menu-1.png','2019-09-10 07:24:29',NULL),(221,'45','Veggie Sandwich',33,'makanan',13500,'mangkuk','./images/no-menu-1.png','2019-09-12 05:56:58',NULL),(222,'45','Bacon Cheese Dog',83,'minuman',17000,'mangkuk','./images/no-menu-1.png','2019-09-22 08:54:02',NULL),(223,'45','Little Bacon Cheeseburger',99,'camilan',10000,'piring','./images/no-menu-1.png','2019-09-24 08:25:29',NULL),(224,'46','Bacon Cheeseburger',67,'camilan',6500,'gelas','./images/no-menu-1.png','2019-09-05 07:17:14',NULL),(225,'46','Cheeseburger',55,'makanan',12500,'mangkuk','./images/no-menu-1.png','2019-09-20 05:32:22',NULL),(226,'46','Veggie Sandwich',1,'minuman',18000,'mangkuk','./images/no-menu-1.png','2019-09-16 10:11:40',NULL),(227,'46','Little Cheeseburger',14,'makanan',10000,'gelas','./images/no-menu-1.png','2019-09-26 03:39:02',NULL),(228,'46','Hamburger',84,'camilan',19000,'mangkuk','./images/no-menu-1.png','2019-09-23 04:04:18',NULL),(229,'47','Little Cheeseburger',35,'camilan',6500,'gelas','./images/no-menu-1.png','2019-09-23 06:57:23',NULL),(230,'47','Little Hamburger',17,'minuman',9500,'gelas','./images/no-menu-1.png','2019-09-07 09:23:51',NULL),(231,'47','Cheeseburger',22,'makanan',12500,'mangkuk','./images/no-menu-1.png','2019-08-28 07:13:23',NULL),(232,'48','Cheese Dog',73,'minuman',6000,'gelas','./images/no-menu-1.png','2019-09-08 07:11:58',NULL),(233,'48','Bacon Burger',1,'minuman',14500,'piring','./images/no-menu-1.png','2019-09-07 06:16:36',NULL),(234,'48','Hamburger',26,'camilan',6500,'gelas','./images/no-menu-1.png','2019-09-14 02:49:16',NULL),(235,'48','Hamburger',78,'makanan',10000,'gelas','./images/no-menu-1.png','2019-09-25 12:38:01',NULL),(236,'48','Grilled Cheese',44,'minuman',17000,'mangkuk','./images/no-menu-1.png','2019-09-01 10:09:20',NULL),(237,'49','Little Hamburger',36,'makanan',10000,'gelas','./images/no-menu-1.png','2019-09-10 03:06:29',NULL),(238,'49','Cheese Pizza',66,'makanan',19500,'gelas','./images/no-menu-1.png','2019-09-15 04:50:27',NULL),(239,'49','Grilled Cheese',32,'minuman',10500,'mangkuk','./images/no-menu-1.png','2019-09-10 11:25:02',NULL),(240,'50','Bacon Cheeseburger',15,'makanan',10000,'gelas','./images/no-menu-1.png','2019-09-12 12:31:07',NULL),(241,'50','Bacon Cheeseburger',21,'camilan',6500,'mangkuk','./images/no-menu-1.png','2019-08-28 05:11:29',NULL),(242,'50','Bacon Cheeseburger',69,'camilan',6500,'mangkuk','./images/no-menu-1.png','2019-08-30 06:08:41',NULL),(243,'50','Veggie Sandwich',36,'camilan',19000,'mangkuk','./images/no-menu-1.png','2019-09-24 02:55:34',NULL),(244,'50','Little Bacon Burger',76,'minuman',17500,'piring','./images/no-menu-1.png','2019-09-03 07:56:18',NULL),(245,'51','Pasta',70,'makanan',13500,'mangkuk','./images/no-menu-1.png','2019-09-07 11:54:11',NULL),(246,'51','Cheese Veggie Sandwich',67,'minuman',10500,'mangkuk','./images/no-menu-1.png','2019-09-29 03:34:28',NULL),(247,'51','Little Hamburger',41,'minuman',11000,'piring','./images/no-menu-1.png','2019-09-07 02:21:33',NULL),(248,'51','Little Cheeseburger',64,'minuman',11000,'piring','./images/no-menu-1.png','2019-09-08 05:14:21',NULL),(249,'52','Little Bacon Burger',2,'minuman',9500,'gelas','./images/no-menu-1.png','2019-09-24 06:57:06',NULL),(250,'52','Grilled Cheese',54,'minuman',9500,'gelas','./images/no-menu-1.png','2019-09-01 03:56:48',NULL),(251,'52','Bacon Dog',90,'camilan',10000,'gelas','./images/no-menu-1.png','2019-09-08 05:17:35',NULL),(252,'52','Little Bacon Cheeseburger',99,'camilan',15500,'piring','./images/no-menu-1.png','2019-09-27 06:50:17',NULL),(253,'52','Bacon Cheese Dog',13,'camilan',10000,'piring','./images/no-menu-1.png','2019-09-24 11:11:20',NULL),(254,'52','Little Bacon Burger',11,'makanan',8000,'gelas','./images/no-menu-1.png','2019-09-18 11:32:18',NULL),(255,'53','Bacon Dog',55,'makanan',10000,'gelas','./images/no-menu-1.png','2019-09-26 01:05:34',NULL),(256,'54','Hamburger',21,'makanan',8000,'gelas','./images/no-menu-1.png','2019-09-27 09:06:59',NULL),(257,'54','Cheese Veggie Sandwich',85,'makanan',12500,'mangkuk','./images/no-menu-1.png','2019-09-07 01:46:27',NULL),(258,'54','Grilled Cheese',89,'camilan',10000,'gelas','./images/no-menu-1.png','2019-08-28 01:38:56',NULL),(259,'54','Cheeseburger',78,'minuman',6000,'piring','./images/no-menu-1.png','2019-09-27 03:21:36',NULL),(260,'54','Cheeseburger',10,'camilan',6500,'gelas','./images/no-menu-1.png','2019-09-27 11:30:51',NULL),(261,'54','Little Cheeseburger',5,'camilan',19000,'mangkuk','./images/no-menu-1.png','2019-09-19 09:13:19',NULL),(262,'54','Cheese Veggie Sandwich',47,'camilan',10000,'gelas','./images/no-menu-1.png','2019-09-17 11:39:58',NULL),(263,'55','Bacon Burger',30,'minuman',6000,'piring','./images/no-menu-1.png','2019-08-31 12:02:21',NULL),(264,'55','Little Bacon Cheeseburger',47,'makanan',5000,'gelas','./images/no-menu-1.png','2019-08-29 05:25:36',NULL),(265,'55','Little Bacon Cheeseburger',88,'minuman',14500,'piring','./images/no-menu-1.png','2019-09-22 06:40:27',NULL),(266,'55','Bacon Cheeseburger',44,'camilan',14500,'mangkuk','./images/no-menu-1.png','2019-09-28 05:54:44',NULL),(267,'56','Little Bacon Cheeseburger',84,'camilan',6500,'mangkuk','./images/no-menu-1.png','2019-09-07 05:59:33',NULL),(268,'56','Hamburger',43,'makanan',10000,'gelas','./images/no-menu-1.png','2019-08-31 10:25:21',NULL),(269,'56','Bacon Cheese Dog',14,'camilan',14500,'mangkuk','./images/no-menu-1.png','2019-09-11 09:08:55',NULL),(270,'57','Cheese Pizza',22,'camilan',10000,'gelas','./images/no-menu-1.png','2019-09-15 01:45:37',NULL),(271,'57','Cheese Pizza',4,'camilan',10000,'piring','./images/no-menu-1.png','2019-09-07 05:03:15',NULL),(272,'57','Little Bacon Cheeseburger',56,'minuman',6000,'piring','./images/no-menu-1.png','2019-09-18 04:12:52',NULL),(273,'57','Cheese Veggie Sandwich',7,'makanan',12500,'mangkuk','./images/no-menu-1.png','2019-09-28 06:12:45',NULL),(274,'57','Little Cheeseburger',7,'minuman',17000,'mangkuk','./images/no-menu-1.png','2019-09-11 05:24:13',NULL),(275,'57','Veggie Sandwich',32,'camilan',17000,'gelas','./images/no-menu-1.png','2019-09-18 09:19:10',NULL),(276,'57','Bacon Burger',38,'makanan',19500,'gelas','./images/no-menu-1.png','2019-09-04 11:54:24',NULL),(277,'57','Little Cheeseburger',42,'minuman',10500,'mangkuk','./images/no-menu-1.png','2019-08-29 09:23:20',NULL),(278,'57','Cheese Dog',41,'makanan',5000,'gelas','./images/no-menu-1.png','2019-09-15 09:57:51',NULL),(279,'57','Little Bacon Burger',37,'camilan',6500,'mangkuk','./images/no-menu-1.png','2019-08-31 12:52:12',NULL),(280,'58','Bacon Cheese Dog',66,'makanan',12500,'mangkuk','./images/no-menu-1.png','2019-09-17 04:50:06',NULL),(281,'58','Pasta',26,'camilan',10000,'piring','./images/no-menu-1.png','2019-09-24 03:12:51',NULL),(282,'58','Cheese Pizza',74,'minuman',17500,'piring','./images/no-menu-1.png','2019-09-15 07:27:19',NULL),(283,'58','Grilled Cheese',23,'makanan',13500,'mangkuk','./images/no-menu-1.png','2019-09-28 03:19:16',NULL),(284,'59','Cheese Dog',17,'minuman',6000,'gelas','./images/no-menu-1.png','2019-08-31 04:27:22',NULL),(285,'59','Little Bacon Cheeseburger',70,'camilan',14500,'mangkuk','./images/no-menu-1.png','2019-08-29 05:34:45',NULL),(286,'59','Veggie Sandwich',34,'makanan',12500,'mangkuk','./images/no-menu-1.png','2019-09-05 10:27:29',NULL),(287,'59','Veggie Sandwich',28,'minuman',18000,'mangkuk','./images/no-menu-1.png','2019-09-27 05:35:27',NULL),(288,'59','Cheese Dog',17,'minuman',6000,'piring','./images/no-menu-1.png','2019-08-30 10:26:25',NULL),(289,'59','Little Hamburger',37,'camilan',15500,'piring','./images/no-menu-1.png','2019-09-15 02:12:22',NULL),(290,'59','Little Cheeseburger',70,'makanan',12500,'mangkuk','./images/no-menu-1.png','2019-09-17 07:06:47',NULL),(291,'60','Cheese Pizza',10,'minuman',14500,'piring','./images/no-menu-1.png','2019-09-26 09:12:09',NULL),(292,'60','Little Hamburger',10,'makanan',12500,'mangkuk','./images/no-menu-1.png','2019-09-01 11:51:07',NULL),(293,'60','Little Hamburger',57,'minuman',16000,'mangkuk','./images/no-menu-1.png','2019-09-02 08:19:53',NULL),(294,'60','Cheese Dog',53,'makanan',19500,'gelas','./images/no-menu-1.png','2019-09-25 12:20:23',NULL),(295,'60','Little Bacon Cheeseburger',36,'makanan',12500,'mangkuk','./images/no-menu-1.png','2019-09-17 09:57:51',NULL),(296,'60','Little Hamburger',52,'camilan',10000,'piring','./images/no-menu-1.png','2019-08-31 11:08:56',NULL),(297,'60','Little Cheeseburger',80,'camilan',6500,'mangkuk','./images/no-menu-1.png','2019-09-25 02:30:32',NULL),(298,'60','Cheese Pizza',93,'camilan',15500,'piring','./images/no-menu-1.png','2019-09-06 02:31:00',NULL),(299,'61','Pasta',89,'minuman',16000,'mangkuk','./images/no-menu-1.png','2019-09-21 08:45:47',NULL),(300,'61','Pasta',1,'camilan',10000,'piring','./images/no-menu-1.png','2019-09-12 03:33:04',NULL),(301,'61','Grilled Cheese',64,'makanan',13500,'mangkuk','./images/no-menu-1.png','2019-09-20 11:28:49',NULL),(302,'61','Veggie Sandwich',65,'camilan',10000,'gelas','./images/no-menu-1.png','2019-09-17 09:25:31',NULL),(303,'61','Pasta',41,'camilan',14500,'mangkuk','./images/no-menu-1.png','2019-09-16 01:36:32',NULL),(304,'61','Grilled Cheese',94,'camilan',17000,'gelas','./images/no-menu-1.png','2019-09-30 02:48:21',NULL),(305,'62','Grilled Cheese',12,'minuman',17000,'mangkuk','./images/no-menu-1.png','2019-09-21 12:34:19',NULL),(306,'62','Cheese Veggie Sandwich',20,'makanan',8000,'gelas','./images/no-menu-1.png','2019-09-19 07:03:13',NULL),(307,'62','Bacon Dog',58,'camilan',17000,'gelas','./images/no-menu-1.png','2019-08-31 11:34:03',NULL),(308,'62','Cheese Pizza',48,'minuman',17500,'piring','./images/no-menu-1.png','2019-09-03 02:12:54',NULL),(309,'63','Grilled Cheese',13,'camilan',17000,'gelas','./images/no-menu-1.png','2019-09-08 06:46:22',NULL),(310,'63','Little Bacon Cheeseburger',68,'minuman',6000,'piring','./images/no-menu-1.png','2019-09-07 03:00:25',NULL),(311,'63','Little Cheeseburger',3,'minuman',10500,'mangkuk','./images/no-menu-1.png','2019-09-06 05:30:03',NULL),(312,'63','Little Hamburger',34,'camilan',10000,'gelas','./images/no-menu-1.png','2019-09-01 07:55:44',NULL),(313,'64','Bacon Burger',91,'minuman',14000,'mangkuk','./images/no-menu-1.png','2019-09-14 02:31:23',NULL),(314,'64','Cheese Veggie Sandwich',96,'minuman',9500,'gelas','./images/no-menu-1.png','2019-09-16 12:23:43',NULL),(315,'64','Little Hamburger',51,'makanan',12500,'mangkuk','./images/no-menu-1.png','2019-09-29 03:45:17',NULL),(316,'64','Cheeseburger',30,'makanan',10000,'gelas','./images/no-menu-1.png','2019-09-23 01:28:26',NULL),(317,'65','Little Hamburger',28,'makanan',19500,'gelas','./images/no-menu-1.png','2019-09-05 06:10:41',NULL),(318,'66','Grilled Cheese',49,'makanan',19500,'gelas','./images/no-menu-1.png','2019-09-06 07:05:27',NULL),(319,'66','Little Bacon Cheeseburger',59,'camilan',10000,'gelas','./images/no-menu-1.png','2019-09-23 02:57:14',NULL),(320,'66','Bacon Cheese Dog',89,'minuman',17000,'mangkuk','./images/no-menu-1.png','2019-08-29 11:35:34',NULL),(321,'66','Bacon Cheeseburger',92,'makanan',12500,'mangkuk','./images/no-menu-1.png','2019-09-07 06:49:23',NULL),(322,'66','Bacon Cheese Dog',64,'makanan',13500,'mangkuk','./images/no-menu-1.png','2019-09-25 01:41:33',NULL),(323,'67','Bacon Burger',67,'camilan',19000,'mangkuk','./images/no-menu-1.png','2019-09-17 11:54:13',NULL),(324,'67','Cheese Dog',44,'minuman',6000,'piring','./images/no-menu-1.png','2019-09-04 12:10:31',NULL),(325,'68','Hamburger',61,'minuman',11000,'piring','./images/no-menu-1.png','2019-09-14 01:39:18',NULL),(326,'68','Pasta',26,'makanan',13500,'mangkuk','./images/no-menu-1.png','2019-09-28 05:03:09',NULL),(327,'68','Bacon Cheeseburger',47,'minuman',14000,'mangkuk','./images/no-menu-1.png','2019-09-26 11:06:59',NULL),(328,'68','Pasta',9,'camilan',6500,'mangkuk','./images/no-menu-1.png','2019-09-30 11:28:20',NULL),(329,'68','Bacon Cheeseburger',82,'minuman',9500,'gelas','./images/no-menu-1.png','2019-09-25 09:54:17',NULL),(330,'68','Bacon Cheese Dog',47,'minuman',11000,'piring','./images/no-menu-1.png','2019-09-10 01:21:02',NULL),(331,'68','Hamburger',76,'camilan',14500,'mangkuk','./images/no-menu-1.png','2019-09-24 04:11:49',NULL),(332,'69','Veggie Sandwich',10,'minuman',6000,'gelas','./images/no-menu-1.png','2019-09-22 12:36:01',NULL),(333,'69','Little Bacon Burger',8,'minuman',14500,'piring','./images/no-menu-1.png','2019-09-15 06:27:44',NULL),(334,'69','Bacon Dog',75,'makanan',10000,'gelas','./images/no-menu-1.png','2019-09-01 08:30:51',NULL),(335,'69','Cheeseburger',49,'minuman',6000,'piring','./images/no-menu-1.png','2019-09-18 09:30:09',NULL),(336,'69','Little Hamburger',44,'camilan',17000,'gelas','./images/no-menu-1.png','2019-09-28 04:02:32',NULL),(337,'69','Little Cheeseburger',87,'camilan',6500,'gelas','./images/no-menu-1.png','2019-09-19 01:42:02',NULL),(338,'70','Cheeseburger',30,'camilan',6500,'gelas','./images/no-menu-1.png','2019-09-07 06:37:52',NULL),(339,'70','Bacon Dog',2,'makanan',13500,'mangkuk','./images/no-menu-1.png','2019-09-19 01:01:09',NULL),(340,'70','Little Hamburger',23,'makanan',5000,'gelas','./images/no-menu-1.png','2019-09-07 11:56:29',NULL),(341,'71','Cheese Pizza',18,'camilan',17000,'gelas','./images/no-menu-1.png','2019-09-13 11:12:23',NULL),(342,'71','Cheese Pizza',80,'camilan',14500,'mangkuk','./images/no-menu-1.png','2019-09-05 08:39:54',NULL),(343,'71','Little Bacon Cheeseburger',96,'minuman',17000,'mangkuk','./images/no-menu-1.png','2019-09-06 05:15:23',NULL),(344,'71','Little Hamburger',40,'makanan',5000,'gelas','./images/no-menu-1.png','2019-09-13 11:52:32',NULL),(345,'71','Bacon Cheese Dog',32,'makanan',5000,'gelas','./images/no-menu-1.png','2019-09-24 07:20:02',NULL),(346,'72','Cheese Veggie Sandwich',46,'minuman',11000,'piring','./images/no-menu-1.png','2019-09-23 11:28:05',NULL),(347,'72','Little Bacon Burger',54,'minuman',11000,'piring','./images/no-menu-1.png','2019-09-08 09:53:49',NULL),(348,'72','Little Bacon Burger',30,'camilan',15500,'piring','./images/no-menu-1.png','2019-09-21 03:17:40',NULL),(349,'72','Little Bacon Cheeseburger',53,'minuman',14000,'mangkuk','./images/no-menu-1.png','2019-09-11 10:23:46',NULL),(350,'72','Cheese Veggie Sandwich',38,'minuman',11000,'piring','./images/no-menu-1.png','2019-08-28 04:56:05',NULL),(351,'72','Bacon Cheeseburger',62,'camilan',19000,'mangkuk','./images/no-menu-1.png','2019-09-21 03:27:06',NULL),(352,'73','Hamburger',17,'camilan',10000,'piring','./images/no-menu-1.png','2019-09-26 08:27:33',NULL),(353,'73','Veggie Sandwich',4,'camilan',14500,'mangkuk','./images/no-menu-1.png','2019-09-25 05:10:01',NULL),(354,'73','Cheese Pizza',62,'minuman',16000,'mangkuk','./images/no-menu-1.png','2019-09-20 05:36:57',NULL),(355,'73','Bacon Burger',74,'minuman',6000,'piring','./images/no-menu-1.png','2019-09-01 11:12:10',NULL),(356,'73','Cheeseburger',10,'makanan',10000,'gelas','./images/no-menu-1.png','2019-09-28 09:21:03',NULL),(357,'74','Bacon Cheese Dog',30,'camilan',14500,'mangkuk','./images/no-menu-1.png','2019-09-02 02:37:10',NULL),(358,'75','Bacon Cheese Dog',95,'minuman',6000,'gelas','./images/no-menu-1.png','2019-09-16 08:07:09',NULL),(359,'75','Little Cheeseburger',73,'minuman',17500,'piring','./images/no-menu-1.png','2019-08-30 06:18:37',NULL),(360,'75','Hamburger',48,'camilan',10000,'gelas','./images/no-menu-1.png','2019-09-28 07:20:45',NULL),(361,'75','Bacon Burger',31,'camilan',6500,'gelas','./images/no-menu-1.png','2019-09-24 02:09:32',NULL),(362,'75','Bacon Cheese Dog',33,'camilan',15500,'piring','./images/no-menu-1.png','2019-09-17 03:22:46',NULL),(363,'75','Cheese Pizza',33,'camilan',10000,'piring','./images/no-menu-1.png','2019-09-21 09:37:29',NULL),(364,'75','Pasta',76,'camilan',14500,'mangkuk','./images/no-menu-1.png','2019-09-02 09:48:06',NULL),(365,'75','Bacon Burger',27,'camilan',15500,'piring','./images/no-menu-1.png','2019-09-18 03:44:26',NULL),(366,'76','Hamburger',8,'camilan',19000,'mangkuk','./images/no-menu-1.png','2019-09-11 10:36:10',NULL),(367,'76','Hamburger',95,'minuman',17500,'piring','./images/no-menu-1.png','2019-09-02 12:40:47',NULL),(368,'77','Bacon Cheese Dog',69,'camilan',15500,'piring','./images/no-menu-1.png','2019-08-28 12:12:32',NULL),(369,'77','Pasta',29,'minuman',16000,'mangkuk','./images/no-menu-1.png','2019-09-19 08:22:55',NULL),(370,'77','Bacon Cheese Dog',2,'minuman',14500,'piring','./images/no-menu-1.png','2019-08-28 10:20:12',NULL),(371,'77','Grilled Cheese',86,'minuman',16000,'mangkuk','./images/no-menu-1.png','2019-09-18 08:03:20',NULL),(372,'77','Veggie Sandwich',51,'minuman',14000,'mangkuk','./images/no-menu-1.png','2019-09-26 04:16:43',NULL),(373,'78','Bacon Burger',10,'camilan',10000,'gelas','./images/no-menu-1.png','2019-09-08 09:53:00',NULL),(374,'78','Bacon Cheeseburger',39,'minuman',6000,'gelas','./images/no-menu-1.png','2019-09-11 07:58:09',NULL),(375,'78','Veggie Sandwich',75,'camilan',14500,'mangkuk','./images/no-menu-1.png','2019-09-26 06:19:39',NULL),(376,'78','Veggie Sandwich',49,'camilan',19000,'mangkuk','./images/no-menu-1.png','2019-08-28 07:30:34',NULL),(377,'79','Little Bacon Burger',6,'makanan',5000,'gelas','./images/no-menu-1.png','2019-08-30 01:31:16',NULL),(378,'79','Little Hamburger',6,'minuman',18000,'mangkuk','./images/no-menu-1.png','2019-09-08 09:26:17',NULL),(379,'79','Veggie Sandwich',97,'makanan',10000,'gelas','./images/no-menu-1.png','2019-09-12 01:08:17',NULL),(380,'79','Hamburger',49,'camilan',6500,'mangkuk','./images/no-menu-1.png','2019-09-18 10:27:47',NULL),(381,'79','Cheese Veggie Sandwich',85,'makanan',10000,'gelas','./images/no-menu-1.png','2019-09-19 06:55:36',NULL),(382,'79','Bacon Cheeseburger',27,'minuman',17500,'piring','./images/no-menu-1.png','2019-09-18 07:42:43',NULL),(383,'80','Cheese Pizza',95,'camilan',6500,'gelas','./images/no-menu-1.png','2019-09-25 03:39:43',NULL),(384,'80','Little Hamburger',68,'minuman',17500,'piring','./images/no-menu-1.png','2019-09-23 01:25:45',NULL),(385,'80','Little Bacon Burger',11,'makanan',5000,'gelas','./images/no-menu-1.png','2019-09-16 08:20:57',NULL),(386,'80','Pasta',14,'minuman',11000,'piring','./images/no-menu-1.png','2019-09-11 11:57:45',NULL),(387,'80','Cheese Dog',7,'camilan',6500,'gelas','./images/no-menu-1.png','2019-09-15 12:38:50',NULL),(388,'80','Little Bacon Cheeseburger',26,'makanan',19500,'gelas','./images/no-menu-1.png','2019-09-01 07:26:45',NULL),(389,'80','Little Hamburger',76,'camilan',14500,'mangkuk','./images/no-menu-1.png','2019-09-13 04:57:17',NULL),(390,'80','Cheeseburger',98,'minuman',11000,'piring','./images/no-menu-1.png','2019-09-13 08:44:30',NULL),(391,'81','Hamburger',3,'minuman',17000,'mangkuk','./images/no-menu-1.png','2019-09-04 07:56:22',NULL),(392,'81','Bacon Burger',63,'minuman',10500,'mangkuk','./images/no-menu-1.png','2019-09-25 06:25:21',NULL),(393,'81','Cheeseburger',30,'camilan',6500,'gelas','./images/no-menu-1.png','2019-09-10 06:08:57',NULL),(394,'82','Bacon Cheese Dog',25,'camilan',17000,'gelas','./images/no-menu-1.png','2019-09-25 12:19:18',NULL),(395,'83','Pasta',8,'camilan',10000,'gelas','./images/no-menu-1.png','2019-09-01 11:06:14',NULL),(396,'83','Veggie Sandwich',61,'minuman',14500,'piring','./images/no-menu-1.png','2019-09-26 02:33:15',NULL),(397,'83','Cheese Dog',32,'camilan',17000,'gelas','./images/no-menu-1.png','2019-09-03 07:16:05',NULL),(398,'83','Bacon Cheeseburger',6,'makanan',10000,'gelas','./images/no-menu-1.png','2019-09-06 04:56:59',NULL),(399,'83','Little Bacon Cheeseburger',67,'makanan',19500,'gelas','./images/no-menu-1.png','2019-09-25 12:35:34',NULL),(400,'84','Little Cheeseburger',60,'camilan',10000,'piring','./images/no-menu-1.png','2019-09-04 01:42:40',NULL),(401,'84','Cheeseburger',63,'minuman',16000,'mangkuk','./images/no-menu-1.png','2019-09-10 02:24:46',NULL),(402,'84','Cheese Veggie Sandwich',66,'minuman',18000,'mangkuk','./images/no-menu-1.png','2019-09-10 12:02:49',NULL),(403,'84','Little Hamburger',32,'makanan',13500,'mangkuk','./images/no-menu-1.png','2019-09-25 08:15:11',NULL),(404,'85','Bacon Dog',24,'camilan',6500,'mangkuk','./images/no-menu-1.png','2019-09-29 01:33:02',NULL),(405,'85','Cheese Pizza',80,'minuman',14500,'piring','./images/no-menu-1.png','2019-09-08 02:45:43',NULL),(406,'85','Cheeseburger',12,'minuman',17500,'piring','./images/no-menu-1.png','2019-09-14 09:46:39',NULL),(407,'85','Little Hamburger',84,'camilan',14500,'mangkuk','./images/no-menu-1.png','2019-09-21 01:58:05',NULL),(408,'86','Bacon Dog',93,'camilan',15500,'piring','./images/no-menu-1.png','2019-09-11 04:14:29',NULL),(409,'86','Cheese Veggie Sandwich',13,'makanan',5000,'gelas','./images/no-menu-1.png','2019-09-12 06:35:51',NULL),(410,'86','Hamburger',33,'minuman',10500,'mangkuk','./images/no-menu-1.png','2019-09-02 03:02:22',NULL),(411,'86','Bacon Cheeseburger',49,'camilan',15500,'piring','./images/no-menu-1.png','2019-09-17 06:38:50',NULL),(412,'86','Little Bacon Cheeseburger',87,'makanan',19500,'gelas','./images/no-menu-1.png','2019-09-16 04:24:39',NULL),(413,'87','Bacon Cheeseburger',44,'minuman',16000,'mangkuk','./images/no-menu-1.png','2019-09-15 12:28:25',NULL),(414,'87','Bacon Dog',8,'makanan',10000,'gelas','./images/no-menu-1.png','2019-09-25 11:47:03',NULL),(415,'87','Cheese Pizza',52,'makanan',10000,'gelas','./images/no-menu-1.png','2019-09-27 10:44:37',NULL),(416,'88','Cheese Pizza',46,'camilan',6500,'gelas','./images/no-menu-1.png','2019-09-29 10:35:56',NULL),(417,'88','Cheese Pizza',57,'camilan',15500,'piring','./images/no-menu-1.png','2019-09-29 05:13:39',NULL),(418,'88','Hamburger',33,'minuman',18000,'mangkuk','./images/no-menu-1.png','2019-09-18 04:05:24',NULL),(419,'88','Cheese Pizza',43,'minuman',10500,'mangkuk','./images/no-menu-1.png','2019-09-11 11:20:10',NULL),(420,'88','Grilled Cheese',71,'camilan',6500,'mangkuk','./images/no-menu-1.png','2019-09-22 05:31:57',NULL),(421,'88','Cheeseburger',91,'minuman',18000,'mangkuk','./images/no-menu-1.png','2019-09-11 02:13:42',NULL),(422,'88','Cheese Pizza',31,'minuman',6000,'piring','./images/no-menu-1.png','2019-09-11 01:09:23',NULL),(423,'88','Cheeseburger',9,'minuman',10500,'mangkuk','./images/no-menu-1.png','2019-09-26 09:40:57',NULL),(424,'89','Pasta',79,'makanan',10000,'gelas','./images/no-menu-1.png','2019-09-26 11:32:38',NULL),(425,'89','Bacon Cheese Dog',89,'minuman',9500,'gelas','./images/no-menu-1.png','2019-09-09 11:11:47',NULL),(426,'89','Pasta',14,'makanan',12500,'mangkuk','./images/no-menu-1.png','2019-09-22 03:54:55',NULL),(427,'89','Bacon Cheeseburger',99,'minuman',17000,'mangkuk','./images/no-menu-1.png','2019-08-30 04:40:54',NULL),(428,'90','Pasta',48,'camilan',15500,'piring','./images/no-menu-1.png','2019-09-04 08:35:01',NULL),(429,'90','Cheese Pizza',25,'camilan',6500,'gelas','./images/no-menu-1.png','2019-09-17 01:13:42',NULL),(430,'90','Grilled Cheese',51,'minuman',17500,'piring','./images/no-menu-1.png','2019-09-26 05:51:31',NULL),(431,'91','Cheese Pizza',14,'makanan',8000,'gelas','./images/no-menu-1.png','2019-09-15 03:22:30',NULL),(432,'91','Cheese Pizza',47,'minuman',6000,'piring','./images/no-menu-1.png','2019-09-18 01:45:20',NULL),(433,'91','Cheeseburger',9,'makanan',5000,'gelas','./images/no-menu-1.png','2019-09-09 05:20:26',NULL),(434,'91','Little Hamburger',99,'minuman',14500,'piring','./images/no-menu-1.png','2019-09-09 05:21:14',NULL),(435,'91','Pasta',92,'minuman',11000,'piring','./images/no-menu-1.png','2019-09-29 06:36:56',NULL),(436,'91','Hamburger',1,'makanan',19500,'gelas','./images/no-menu-1.png','2019-09-05 11:23:32',NULL),(437,'91','Bacon Cheeseburger',54,'minuman',6000,'gelas','./images/no-menu-1.png','2019-09-16 12:11:21',NULL),(438,'91','Bacon Burger',38,'camilan',6500,'mangkuk','./images/no-menu-1.png','2019-09-26 09:44:06',NULL),(439,'92','Veggie Sandwich',56,'makanan',19500,'gelas','./images/no-menu-1.png','2019-09-05 09:40:45',NULL),(440,'92','Pasta',70,'camilan',14500,'mangkuk','./images/no-menu-1.png','2019-09-21 09:14:18',NULL),(441,'92','Cheese Pizza',86,'minuman',18000,'mangkuk','./images/no-menu-1.png','2019-09-16 01:07:37',NULL),(442,'92','Veggie Sandwich',56,'minuman',14000,'mangkuk','./images/no-menu-1.png','2019-09-08 01:29:58',NULL),(443,'92','Little Hamburger',38,'minuman',17000,'mangkuk','./images/no-menu-1.png','2019-09-09 08:50:24',NULL),(444,'93','Cheese Pizza',13,'camilan',10000,'gelas','./images/no-menu-1.png','2019-09-22 11:04:47',NULL),(445,'93','Grilled Cheese',21,'camilan',10000,'gelas','./images/no-menu-1.png','2019-09-12 05:16:58',NULL),(446,'93','Cheese Veggie Sandwich',62,'minuman',14500,'piring','./images/no-menu-1.png','2019-09-25 01:12:51',NULL),(447,'93','Veggie Sandwich',77,'minuman',10500,'mangkuk','./images/no-menu-1.png','2019-09-02 08:12:19',NULL),(448,'93','Veggie Sandwich',98,'minuman',10500,'mangkuk','./images/no-menu-1.png','2019-09-29 06:17:44',NULL),(449,'94','Pasta',70,'camilan',15500,'piring','./images/no-menu-1.png','2019-09-04 05:26:57',NULL),(450,'94','Bacon Dog',39,'minuman',10500,'mangkuk','./images/no-menu-1.png','2019-09-03 04:34:46',NULL),(451,'94','Bacon Burger',43,'camilan',17000,'gelas','./images/no-menu-1.png','2019-09-06 01:06:21',NULL),(452,'94','Bacon Dog',38,'camilan',17000,'gelas','./images/no-menu-1.png','2019-09-09 07:35:02',NULL),(453,'94','Little Hamburger',65,'camilan',19000,'mangkuk','./images/no-menu-1.png','2019-09-27 02:49:51',NULL),(454,'94','Cheese Dog',76,'minuman',6000,'piring','./images/no-menu-1.png','2019-09-19 02:12:45',NULL),(455,'95','Bacon Dog',35,'minuman',17000,'mangkuk','./images/no-menu-1.png','2019-09-12 11:18:10',NULL),(456,'95','Pasta',23,'camilan',19000,'mangkuk','./images/no-menu-1.png','2019-09-16 07:14:18',NULL),(457,'96','Cheese Veggie Sandwich',61,'camilan',19000,'mangkuk','./images/no-menu-1.png','2019-09-09 01:43:28',NULL),(458,'96','Little Bacon Burger',80,'camilan',14500,'mangkuk','./images/no-menu-1.png','2019-09-11 07:10:57',NULL),(459,'96','Bacon Burger',76,'camilan',15500,'piring','./images/no-menu-1.png','2019-09-07 10:34:08',NULL),(460,'96','Cheeseburger',92,'camilan',10000,'gelas','./images/no-menu-1.png','2019-09-06 07:24:27',NULL),(461,'96','Little Cheeseburger',35,'camilan',14500,'mangkuk','./images/no-menu-1.png','2019-09-14 04:51:28',NULL),(462,'96','Little Cheeseburger',25,'camilan',10000,'piring','./images/no-menu-1.png','2019-08-31 09:16:02',NULL),(463,'96','Cheese Pizza',58,'camilan',17000,'gelas','./images/no-menu-1.png','2019-09-07 12:43:06',NULL),(464,'97','Grilled Cheese',11,'camilan',14500,'mangkuk','./images/no-menu-1.png','2019-09-02 01:08:24',NULL),(465,'97','Cheese Veggie Sandwich',51,'minuman',17500,'piring','./images/no-menu-1.png','2019-09-10 03:25:23',NULL),(466,'97','Bacon Cheeseburger',39,'makanan',13500,'mangkuk','./images/no-menu-1.png','2019-09-15 11:12:26',NULL),(467,'97','Cheese Pizza',12,'makanan',13500,'mangkuk','./images/no-menu-1.png','2019-09-05 11:53:03',NULL),(468,'98','Bacon Cheeseburger',63,'minuman',10500,'mangkuk','./images/no-menu-1.png','2019-09-24 11:00:19',NULL),(469,'99','Veggie Sandwich',39,'minuman',14500,'piring','./images/no-menu-1.png','2019-09-01 02:12:37',NULL),(470,'99','Little Cheeseburger',89,'makanan',8000,'gelas','./images/no-menu-1.png','2019-08-30 10:40:33',NULL),(471,'99','Cheese Veggie Sandwich',89,'camilan',6500,'mangkuk','./images/no-menu-1.png','2019-09-23 10:27:41',NULL),(472,'99','Pasta',10,'minuman',6000,'piring','./images/no-menu-1.png','2019-09-21 12:16:04',NULL),(473,'99','Cheese Dog',51,'makanan',8000,'gelas','./images/no-menu-1.png','2019-09-02 03:44:50',NULL),(474,'99','Bacon Burger',6,'camilan',6500,'gelas','./images/no-menu-1.png','2019-09-12 01:08:44',NULL),(475,'100','Cheese Veggie Sandwich',56,'camilan',19000,'mangkuk','./images/no-menu-1.png','2019-09-11 10:51:48',NULL),(476,'100','Little Bacon Cheeseburger',17,'minuman',17000,'mangkuk','./images/no-menu-1.png','2019-09-30 01:28:04',NULL),(477,'101','Little Bacon Cheeseburger',53,'camilan',14500,'mangkuk','./images/no-menu-1.png','2019-09-30 03:25:39',NULL),(478,'101','Little Cheeseburger',22,'camilan',6500,'gelas','./images/no-menu-1.png','2019-09-28 12:44:34',NULL),(479,'101','Little Bacon Burger',58,'makanan',8000,'gelas','./images/no-menu-1.png','2019-09-19 09:24:42',NULL),(480,'101','Little Bacon Cheeseburger',21,'minuman',9500,'gelas','./images/no-menu-1.png','2019-08-28 09:47:13',NULL),(481,'102','Bacon Cheese Dog',59,'camilan',10000,'piring','./images/no-menu-1.png','2019-09-04 03:07:51',NULL),(482,'102','Cheeseburger',46,'makanan',5000,'gelas','./images/no-menu-1.png','2019-09-04 05:51:57',NULL),(483,'102','Bacon Dog',7,'camilan',14500,'mangkuk','./images/no-menu-1.png','2019-09-05 07:04:36',NULL),(484,'102','Cheese Veggie Sandwich',92,'camilan',10000,'piring','./images/no-menu-1.png','2019-09-12 04:49:09',NULL),(485,'102','Hamburger',33,'camilan',15500,'piring','./images/no-menu-1.png','2019-09-02 09:14:38',NULL),(486,'102','Little Bacon Burger',78,'minuman',10500,'mangkuk','./images/no-menu-1.png','2019-08-31 12:25:33',NULL),(487,'103','Cheeseburger',89,'camilan',10000,'piring','./images/no-menu-1.png','2019-09-01 05:41:34',NULL),(488,'103','Bacon Burger',38,'camilan',19000,'mangkuk','./images/no-menu-1.png','2019-09-13 03:47:49',NULL),(489,'103','Pasta',74,'minuman',16000,'mangkuk','./images/no-menu-1.png','2019-09-04 07:37:07',NULL),(490,'103','Bacon Cheeseburger',36,'camilan',14500,'mangkuk','./images/no-menu-1.png','2019-09-15 12:51:37',NULL),(491,'104','Little Cheeseburger',92,'camilan',6500,'gelas','./images/no-menu-1.png','2019-09-07 05:20:30',NULL),(492,'104','Cheese Veggie Sandwich',2,'minuman',17000,'mangkuk','./images/no-menu-1.png','2019-08-28 08:56:09',NULL),(493,'104','Little Cheeseburger',93,'minuman',6000,'gelas','./images/no-menu-1.png','2019-09-15 06:28:37',NULL),(494,'104','Little Bacon Cheeseburger',63,'makanan',12500,'mangkuk','./images/no-menu-1.png','2019-09-26 03:02:39',NULL),(495,'104','Bacon Cheeseburger',76,'camilan',10000,'piring','./images/no-menu-1.png','2019-09-26 10:09:29',NULL),(496,'105','Bacon Cheeseburger',86,'minuman',11000,'piring','./images/no-menu-1.png','2019-09-14 08:59:51',NULL),(497,'105','Cheese Dog',7,'makanan',5000,'gelas','./images/no-menu-1.png','2019-09-06 10:59:17',NULL),(498,'105','Cheese Veggie Sandwich',18,'makanan',19500,'gelas','./images/no-menu-1.png','2019-09-23 11:59:12',NULL),(499,'105','Little Bacon Burger',63,'minuman',14500,'piring','./images/no-menu-1.png','2019-08-30 01:15:15',NULL),(500,'106','Little Bacon Burger',45,'minuman',17500,'piring','./images/no-menu-1.png','2019-09-28 12:37:40',NULL),(501,'106','Little Cheeseburger',74,'minuman',16000,'mangkuk','./images/no-menu-1.png','2019-09-15 03:13:48',NULL),(502,'106','Little Bacon Cheeseburger',20,'minuman',6000,'piring','./images/no-menu-1.png','2019-09-25 04:05:52',NULL),(503,'106','Bacon Cheeseburger',25,'minuman',18000,'mangkuk','./images/no-menu-1.png','2019-09-06 05:28:37',NULL),(504,'107','Bacon Cheese Dog',71,'camilan',6500,'gelas','./images/no-menu-1.png','2019-09-25 10:03:52',NULL),(505,'107','Hamburger',13,'camilan',6500,'gelas','./images/no-menu-1.png','2019-08-28 08:32:11',NULL),(506,'107','Veggie Sandwich',78,'makanan',19500,'gelas','./images/no-menu-1.png','2019-09-20 01:31:57',NULL),(507,'107','Bacon Cheeseburger',43,'makanan',5000,'gelas','./images/no-menu-1.png','2019-09-11 01:10:21',NULL),(508,'108','Bacon Dog',70,'minuman',10500,'mangkuk','./images/no-menu-1.png','2019-09-05 03:04:06',NULL),(509,'108','Little Cheeseburger',54,'camilan',10000,'piring','./images/no-menu-1.png','2019-09-26 05:34:22',NULL),(510,'108','Little Cheeseburger',20,'makanan',10000,'gelas','./images/no-menu-1.png','2019-09-06 04:54:59',NULL),(511,'108','Veggie Sandwich',30,'makanan',13500,'mangkuk','./images/no-menu-1.png','2019-09-24 04:03:07',NULL),(512,'108','Pasta',99,'minuman',17500,'piring','./images/no-menu-1.png','2019-09-11 12:53:44',NULL),(513,'108','Little Bacon Cheeseburger',22,'minuman',18000,'mangkuk','./images/no-menu-1.png','2019-09-30 05:00:54',NULL),(514,'108','Bacon Burger',62,'camilan',17000,'gelas','./images/no-menu-1.png','2019-09-06 02:15:21',NULL),(515,'109','Hamburger',13,'minuman',9500,'gelas','./images/no-menu-1.png','2019-09-09 05:15:12',NULL),(516,'109','Little Cheeseburger',23,'minuman',18000,'mangkuk','./images/no-menu-1.png','2019-09-21 12:14:15',NULL),(517,'109','Little Bacon Cheeseburger',46,'makanan',12500,'mangkuk','./images/no-menu-1.png','2019-09-01 11:47:12',NULL),(518,'109','Bacon Dog',2,'camilan',10000,'gelas','./images/no-menu-1.png','2019-09-12 11:29:00',NULL),(519,'110','Pasta',28,'minuman',18000,'mangkuk','./images/no-menu-1.png','2019-08-30 06:11:57',NULL),(520,'110','Little Hamburger',27,'minuman',18000,'mangkuk','./images/no-menu-1.png','2019-08-29 09:08:01',NULL),(521,'110','Little Bacon Cheeseburger',27,'minuman',10500,'mangkuk','./images/no-menu-1.png','2019-09-02 07:05:01',NULL),(522,'110','Little Cheeseburger',69,'minuman',10500,'mangkuk','./images/no-menu-1.png','2019-09-05 08:30:23',NULL),(523,'110','Bacon Cheese Dog',96,'minuman',17000,'mangkuk','./images/no-menu-1.png','2019-09-20 02:20:16',NULL),(524,'110','Pasta',40,'minuman',16000,'mangkuk','./images/no-menu-1.png','2019-09-01 08:37:53',NULL),(525,'111','Bacon Cheese Dog',29,'makanan',12500,'mangkuk','./images/no-menu-1.png','2019-09-13 08:50:08',NULL),(526,'111','Pasta',76,'minuman',6000,'piring','./images/no-menu-1.png','2019-09-10 04:54:38',NULL),(527,'111','Cheese Veggie Sandwich',91,'minuman',9500,'gelas','./images/no-menu-1.png','2019-08-29 01:39:12',NULL),(528,'111','Cheese Dog',59,'camilan',19000,'mangkuk','./images/no-menu-1.png','2019-09-21 11:33:30',NULL),(529,'112','Veggie Sandwich',75,'minuman',16000,'mangkuk','./images/no-menu-1.png','2019-09-17 11:52:46',NULL),(530,'112','Bacon Cheeseburger',79,'camilan',19000,'mangkuk','./images/no-menu-1.png','2019-09-20 06:28:17',NULL),(531,'112','Little Bacon Burger',17,'minuman',18000,'mangkuk','./images/no-menu-1.png','2019-09-07 04:13:39',NULL),(532,'112','Cheese Pizza',11,'makanan',10000,'gelas','./images/no-menu-1.png','2019-08-29 07:32:56',NULL),(533,'112','Little Bacon Burger',13,'minuman',16000,'mangkuk','./images/no-menu-1.png','2019-09-11 01:31:48',NULL),(534,'112','Cheese Dog',56,'makanan',13500,'mangkuk','./images/no-menu-1.png','2019-09-05 09:25:46',NULL),(535,'112','Bacon Cheeseburger',92,'minuman',6000,'gelas','./images/no-menu-1.png','2019-09-15 10:34:23',NULL),(536,'113','Bacon Cheese Dog',41,'minuman',16000,'mangkuk','./images/no-menu-1.png','2019-09-19 03:58:04',NULL),(537,'113','Grilled Cheese',13,'minuman',10500,'mangkuk','./images/no-menu-1.png','2019-09-30 01:52:51',NULL),(538,'113','Pasta',31,'makanan',13500,'mangkuk','./images/no-menu-1.png','2019-09-08 09:42:08',NULL),(539,'113','Little Cheeseburger',90,'minuman',14500,'piring','./images/no-menu-1.png','2019-08-31 11:34:22',NULL),(540,'113','Bacon Dog',55,'minuman',6000,'gelas','./images/no-menu-1.png','2019-09-07 04:03:58',NULL),(541,'113','Bacon Cheese Dog',71,'minuman',6000,'gelas','./images/no-menu-1.png','2019-09-26 01:13:53',NULL),(542,'114','Cheeseburger',28,'minuman',10500,'mangkuk','./images/no-menu-1.png','2019-09-29 06:03:29',NULL),(543,'114','Little Cheeseburger',74,'camilan',15500,'piring','./images/no-menu-1.png','2019-09-08 09:42:17',NULL),(544,'114','Bacon Burger',29,'camilan',17000,'gelas','./images/no-menu-1.png','2019-09-15 03:55:01',NULL),(545,'114','Pasta',1,'minuman',17000,'mangkuk','./images/no-menu-1.png','2019-09-09 07:19:21',NULL),(546,'115','Little Cheeseburger',31,'camilan',6500,'gelas','./images/no-menu-1.png','2019-09-04 12:01:47',NULL),(547,'115','Cheeseburger',58,'minuman',14500,'piring','./images/no-menu-1.png','2019-08-29 10:54:19',NULL),(548,'116','Cheeseburger',58,'minuman',11000,'piring','./images/no-menu-1.png','2019-09-22 05:45:32',NULL),(549,'116','Cheese Veggie Sandwich',83,'minuman',9500,'gelas','./images/no-menu-1.png','2019-09-10 07:48:57',NULL),(550,'116','Little Bacon Cheeseburger',29,'minuman',16000,'mangkuk','./images/no-menu-1.png','2019-09-08 08:42:16',NULL),(551,'116','Bacon Burger',94,'camilan',17000,'gelas','./images/no-menu-1.png','2019-09-26 01:14:27',NULL),(552,'116','Veggie Sandwich',96,'camilan',15500,'piring','./images/no-menu-1.png','2019-09-10 01:58:21',NULL),(553,'116','Bacon Dog',68,'makanan',8000,'gelas','./images/no-menu-1.png','2019-08-28 01:12:45',NULL),(554,'116','Bacon Cheeseburger',78,'minuman',18000,'mangkuk','./images/no-menu-1.png','2019-08-30 10:45:15',NULL),(555,'116','Pasta',97,'makanan',10000,'gelas','./images/no-menu-1.png','2019-09-19 03:07:17',NULL),(556,'116','Hamburger',68,'minuman',14000,'mangkuk','./images/no-menu-1.png','2019-09-24 05:42:44',NULL),(557,'117','Bacon Cheese Dog',79,'minuman',16000,'mangkuk','./images/no-menu-1.png','2019-09-01 05:32:07',NULL),(558,'117','Bacon Cheese Dog',74,'makanan',5000,'gelas','./images/no-menu-1.png','2019-09-13 07:10:08',NULL),(559,'117','Hamburger',52,'minuman',11000,'piring','./images/no-menu-1.png','2019-08-28 01:27:54',NULL),(560,'117','Cheese Pizza',72,'minuman',14000,'mangkuk','./images/no-menu-1.png','2019-09-04 02:03:56',NULL),(561,'117','Bacon Dog',36,'camilan',6500,'mangkuk','./images/no-menu-1.png','2019-09-24 05:06:47',NULL),(562,'117','Bacon Burger',58,'minuman',14500,'piring','./images/no-menu-1.png','2019-09-20 12:01:49',NULL),(563,'117','Little Bacon Cheeseburger',26,'camilan',10000,'piring','./images/no-menu-1.png','2019-09-20 02:49:23',NULL),(564,'118','Pasta',94,'camilan',10000,'gelas','./images/no-menu-1.png','2019-09-11 12:40:10',NULL),(565,'118','Cheese Pizza',10,'camilan',6500,'gelas','./images/no-menu-1.png','2019-09-22 07:13:01',NULL),(566,'118','Cheese Pizza',71,'camilan',19000,'mangkuk','./images/no-menu-1.png','2019-09-02 07:40:37',NULL),(567,'118','Bacon Burger',93,'minuman',17500,'piring','./images/no-menu-1.png','2019-09-02 03:59:09',NULL),(568,'119','Bacon Cheeseburger',70,'makanan',13500,'mangkuk','./images/no-menu-1.png','2019-09-29 02:32:28',NULL),(569,'119','Grilled Cheese',49,'minuman',6000,'gelas','./images/no-menu-1.png','2019-09-08 04:21:55',NULL),(570,'119','Bacon Cheese Dog',46,'minuman',18000,'mangkuk','./images/no-menu-1.png','2019-09-20 05:32:13',NULL),(571,'119','Cheese Pizza',90,'minuman',9500,'gelas','./images/no-menu-1.png','2019-08-28 11:44:49',NULL),(572,'119','Bacon Cheese Dog',85,'camilan',15500,'piring','./images/no-menu-1.png','2019-09-04 06:38:56',NULL),(573,'120','Veggie Sandwich',11,'minuman',17000,'mangkuk','./images/no-menu-1.png','2019-09-25 03:26:41',NULL),(574,'120','Grilled Cheese',27,'minuman',11000,'piring','./images/no-menu-1.png','2019-09-19 07:36:03',NULL),(575,'121','Veggie Sandwich',42,'minuman',10500,'mangkuk','./images/no-menu-1.png','2019-09-24 08:42:39',NULL),(576,'121','Cheeseburger',92,'makanan',8000,'gelas','./images/no-menu-1.png','2019-09-12 12:57:13',NULL),(577,'121','Little Cheeseburger',91,'camilan',6500,'mangkuk','./images/no-menu-1.png','2019-09-11 11:57:18',NULL),(578,'122','Cheese Veggie Sandwich',20,'minuman',17000,'mangkuk','./images/no-menu-1.png','2019-09-26 10:32:01',NULL),(579,'122','Little Bacon Burger',25,'camilan',10000,'piring','./images/no-menu-1.png','2019-08-31 05:33:01',NULL),(580,'122','Little Hamburger',99,'makanan',10000,'gelas','./images/no-menu-1.png','2019-08-30 11:25:08',NULL),(581,'122','Cheese Pizza',58,'camilan',6500,'mangkuk','./images/no-menu-1.png','2019-09-24 04:05:13',NULL),(582,'123','Grilled Cheese',27,'minuman',18000,'mangkuk','./images/no-menu-1.png','2019-09-02 12:00:00',NULL),(583,'123','Bacon Cheese Dog',92,'minuman',14000,'mangkuk','./images/no-menu-1.png','2019-09-12 03:14:38',NULL),(584,'123','Veggie Sandwich',12,'minuman',14000,'mangkuk','./images/no-menu-1.png','2019-09-26 09:52:29',NULL),(585,'124','Bacon Cheeseburger',97,'makanan',12500,'mangkuk','./images/no-menu-1.png','2019-09-25 03:16:15',NULL),(586,'124','Bacon Cheese Dog',60,'camilan',14500,'mangkuk','./images/no-menu-1.png','2019-09-08 09:58:25',NULL),(587,'124','Little Bacon Cheeseburger',83,'makanan',13500,'mangkuk','./images/no-menu-1.png','2019-09-25 01:56:00',NULL),(588,'124','Little Bacon Burger',42,'minuman',17500,'piring','./images/no-menu-1.png','2019-09-30 02:23:17',NULL),(589,'124','Little Bacon Burger',66,'minuman',14500,'piring','./images/no-menu-1.png','2019-08-28 04:56:43',NULL),(590,'125','Bacon Cheese Dog',57,'makanan',10000,'gelas','./images/no-menu-1.png','2019-09-12 01:36:51',NULL),(591,'126','Cheeseburger',51,'makanan',8000,'gelas','./images/no-menu-1.png','2019-09-15 08:43:51',NULL),(592,'126','Little Hamburger',17,'minuman',11000,'piring','./images/no-menu-1.png','2019-09-21 09:01:41',NULL),(593,'126','Bacon Burger',30,'minuman',6000,'gelas','./images/no-menu-1.png','2019-09-23 10:49:06',NULL),(594,'127','Cheese Pizza',20,'camilan',17000,'gelas','./images/no-menu-1.png','2019-09-19 08:43:45',NULL),(595,'127','Little Bacon Cheeseburger',49,'makanan',8000,'gelas','./images/no-menu-1.png','2019-09-22 11:14:34',NULL),(596,'127','Cheese Veggie Sandwich',57,'minuman',14000,'mangkuk','./images/no-menu-1.png','2019-09-16 02:43:36',NULL),(597,'127','Little Cheeseburger',10,'minuman',16000,'mangkuk','./images/no-menu-1.png','2019-09-11 02:23:43',NULL),(598,'128','Cheese Pizza',96,'makanan',13500,'mangkuk','./images/no-menu-1.png','2019-09-02 06:27:13',NULL),(599,'128','Little Cheeseburger',52,'camilan',6500,'gelas','./images/no-menu-1.png','2019-09-06 12:30:07',NULL),(600,'128','Bacon Cheese Dog',24,'camilan',6500,'gelas','./images/no-menu-1.png','2019-09-20 11:43:55',NULL),(601,'128','Cheeseburger',57,'minuman',17000,'mangkuk','./images/no-menu-1.png','2019-09-18 09:37:26',NULL),(602,'128','Little Bacon Burger',7,'minuman',14000,'mangkuk','./images/no-menu-1.png','2019-09-04 09:28:42',NULL),(603,'128','Veggie Sandwich',56,'camilan',19000,'mangkuk','./images/no-menu-1.png','2019-09-11 01:38:13',NULL),(604,'128','Veggie Sandwich',67,'minuman',14000,'mangkuk','./images/no-menu-1.png','2019-09-10 05:10:34',NULL),(605,'129','Little Bacon Burger',70,'camilan',10000,'piring','./images/no-menu-1.png','2019-09-30 03:14:10',NULL),(606,'129','Cheese Pizza',98,'minuman',18000,'mangkuk','./images/no-menu-1.png','2019-09-28 04:52:53',NULL),(607,'129','Cheeseburger',58,'minuman',6000,'gelas','./images/no-menu-1.png','2019-09-16 05:31:31',NULL),(608,'129','Veggie Sandwich',29,'camilan',15500,'piring','./images/no-menu-1.png','2019-08-28 11:50:13',NULL),(609,'129','Cheeseburger',42,'minuman',6000,'gelas','./images/no-menu-1.png','2019-09-03 12:12:48',NULL),(610,'129','Bacon Burger',43,'makanan',10000,'gelas','./images/no-menu-1.png','2019-09-06 05:00:22',NULL),(611,'130','Bacon Burger',72,'minuman',6000,'piring','./images/no-menu-1.png','2019-09-01 06:57:14',NULL),(612,'130','Little Bacon Burger',47,'minuman',17500,'piring','./images/no-menu-1.png','2019-09-24 09:32:18',NULL),(613,'130','Bacon Dog',46,'minuman',11000,'piring','./images/no-menu-1.png','2019-09-12 03:44:11',NULL),(614,'131','Hamburger',33,'minuman',10500,'mangkuk','./images/no-menu-1.png','2019-09-11 07:05:46',NULL),(615,'131','Bacon Cheese Dog',80,'minuman',18000,'mangkuk','./images/no-menu-1.png','2019-09-22 09:47:59',NULL),(616,'131','Bacon Burger',70,'minuman',6000,'gelas','./images/no-menu-1.png','2019-09-05 07:41:35',NULL),(617,'131','Cheese Veggie Sandwich',26,'camilan',19000,'mangkuk','./images/no-menu-1.png','2019-09-24 03:59:32',NULL),(618,'132','Little Bacon Burger',24,'minuman',10500,'mangkuk','./images/no-menu-1.png','2019-09-14 06:15:43',NULL),(619,'132','Bacon Dog',72,'minuman',17500,'piring','./images/no-menu-1.png','2019-09-10 05:01:51',NULL),(620,'132','Little Hamburger',20,'minuman',17500,'piring','./images/no-menu-1.png','2019-09-25 07:46:37',NULL),(621,'133','Bacon Dog',82,'makanan',8000,'gelas','./images/no-menu-1.png','2019-09-30 02:23:30',NULL),(622,'133','Cheese Dog',88,'minuman',18000,'mangkuk','./images/no-menu-1.png','2019-09-30 05:32:18',NULL),(623,'133','Bacon Cheese Dog',34,'minuman',11000,'piring','./images/no-menu-1.png','2019-09-26 08:17:01',NULL),(624,'134','Hamburger',24,'camilan',15500,'piring','./images/no-menu-1.png','2019-08-29 07:17:36',NULL),(625,'134','Cheese Veggie Sandwich',49,'makanan',5000,'gelas','./images/no-menu-1.png','2019-09-30 02:09:47',NULL),(626,'134','Grilled Cheese',87,'makanan',13500,'mangkuk','./images/no-menu-1.png','2019-09-17 09:07:27',NULL),(627,'134','Little Hamburger',99,'camilan',6500,'gelas','./images/no-menu-1.png','2019-09-17 01:11:31',NULL),(628,'134','Grilled Cheese',17,'minuman',10500,'mangkuk','./images/no-menu-1.png','2019-09-27 09:24:30',NULL),(629,'135','Hamburger',6,'minuman',18000,'mangkuk','./images/no-menu-1.png','2019-09-23 01:14:16',NULL),(630,'135','Grilled Cheese',14,'camilan',10000,'piring','./images/no-menu-1.png','2019-09-03 11:19:04',NULL),(631,'136','Hamburger',19,'minuman',14000,'mangkuk','./images/no-menu-1.png','2019-09-18 10:14:33',NULL),(632,'136','Grilled Cheese',92,'minuman',14000,'mangkuk','./images/no-menu-1.png','2019-09-09 04:02:10',NULL),(633,'136','Grilled Cheese',88,'makanan',19500,'gelas','./images/no-menu-1.png','2019-09-05 02:51:53',NULL),(634,'136','Pasta',27,'makanan',8000,'gelas','./images/no-menu-1.png','2019-09-07 04:49:30',NULL),(635,'136','Cheeseburger',26,'camilan',19000,'mangkuk','./images/no-menu-1.png','2019-09-11 04:59:05',NULL),(636,'137','Bacon Cheese Dog',28,'minuman',16000,'mangkuk','./images/no-menu-1.png','2019-09-20 09:20:01',NULL),(637,'137','Little Bacon Burger',57,'minuman',9500,'gelas','./images/no-menu-1.png','2019-09-19 06:58:20',NULL),(638,'137','Little Cheeseburger',98,'camilan',6500,'mangkuk','./images/no-menu-1.png','2019-09-12 11:40:00',NULL),(639,'137','Bacon Cheeseburger',70,'minuman',14500,'piring','./images/no-menu-1.png','2019-09-09 03:55:59',NULL),(640,'137','Little Hamburger',85,'camilan',6500,'gelas','./images/no-menu-1.png','2019-09-21 07:10:16',NULL),(641,'138','Hamburger',39,'makanan',12500,'mangkuk','./images/no-menu-1.png','2019-09-03 08:10:28',NULL),(642,'138','Bacon Cheese Dog',95,'minuman',17500,'piring','./images/no-menu-1.png','2019-09-20 11:08:35',NULL),(643,'138','Cheese Veggie Sandwich',22,'minuman',10500,'mangkuk','./images/no-menu-1.png','2019-09-21 08:59:50',NULL),(644,'138','Pasta',13,'camilan',6500,'gelas','./images/no-menu-1.png','2019-08-31 12:01:03',NULL),(645,'138','Little Cheeseburger',25,'minuman',16000,'mangkuk','./images/no-menu-1.png','2019-09-29 04:06:43',NULL),(646,'138','Cheese Veggie Sandwich',22,'minuman',10500,'mangkuk','./images/no-menu-1.png','2019-09-10 01:25:06',NULL),(647,'138','Little Cheeseburger',22,'camilan',10000,'gelas','./images/no-menu-1.png','2019-09-15 08:44:44',NULL),(648,'139','Hamburger',70,'camilan',10000,'gelas','./images/no-menu-1.png','2019-09-20 04:05:06',NULL),(649,'139','Little Bacon Cheeseburger',99,'makanan',19500,'gelas','./images/no-menu-1.png','2019-09-06 11:01:43',NULL),(650,'139','Little Hamburger',75,'makanan',8000,'gelas','./images/no-menu-1.png','2019-09-04 07:32:28',NULL),(651,'139','Grilled Cheese',9,'minuman',17500,'piring','./images/no-menu-1.png','2019-09-10 06:58:58',NULL),(652,'140','Bacon Burger',98,'camilan',6500,'mangkuk','./images/no-menu-1.png','2019-09-10 03:30:08',NULL),(653,'140','Bacon Burger',48,'minuman',14000,'mangkuk','./images/no-menu-1.png','2019-09-14 11:09:09',NULL),(654,'140','Little Hamburger',35,'minuman',6000,'gelas','./images/no-menu-1.png','2019-09-03 06:22:57',NULL),(655,'140','Bacon Burger',31,'camilan',17000,'gelas','./images/no-menu-1.png','2019-09-07 06:42:09',NULL),(656,'140','Hamburger',62,'makanan',12500,'mangkuk','./images/no-menu-1.png','2019-09-12 04:46:57',NULL),(657,'140','Little Bacon Cheeseburger',95,'minuman',14500,'piring','./images/no-menu-1.png','2019-09-18 07:59:41',NULL),(658,'140','Cheese Pizza',10,'minuman',16000,'mangkuk','./images/no-menu-1.png','2019-09-27 08:49:28',NULL),(659,'140','Cheese Veggie Sandwich',50,'camilan',14500,'mangkuk','./images/no-menu-1.png','2019-08-28 03:22:43',NULL),(660,'141','Little Cheeseburger',3,'minuman',10500,'mangkuk','./images/no-menu-1.png','2019-09-02 11:29:23',NULL),(661,'141','Bacon Dog',64,'minuman',17000,'mangkuk','./images/no-menu-1.png','2019-09-05 04:57:04',NULL),(662,'142','Cheese Veggie Sandwich',8,'camilan',10000,'piring','./images/no-menu-1.png','2019-09-27 11:51:43',NULL),(663,'142','Little Bacon Burger',82,'minuman',14000,'mangkuk','./images/no-menu-1.png','2019-08-29 08:30:42',NULL),(664,'142','Veggie Sandwich',47,'minuman',14500,'piring','./images/no-menu-1.png','2019-09-24 07:07:43',NULL),(665,'142','Bacon Dog',18,'minuman',11000,'piring','./images/no-menu-1.png','2019-09-30 06:27:51',NULL),(666,'143','Veggie Sandwich',77,'makanan',12500,'mangkuk','./images/no-menu-1.png','2019-08-31 10:50:58',NULL),(667,'144','Little Hamburger',75,'makanan',5000,'gelas','./images/no-menu-1.png','2019-09-07 10:13:25',NULL),(668,'144','Hamburger',74,'makanan',19500,'gelas','./images/no-menu-1.png','2019-08-28 06:22:03',NULL),(669,'144','Hamburger',86,'minuman',14500,'piring','./images/no-menu-1.png','2019-09-29 08:56:38',NULL),(670,'144','Cheese Pizza',42,'minuman',9500,'gelas','./images/no-menu-1.png','2019-09-02 05:17:01',NULL),(671,'144','Little Bacon Cheeseburger',32,'camilan',17000,'gelas','./images/no-menu-1.png','2019-09-20 02:26:39',NULL),(672,'144','Little Hamburger',36,'minuman',6000,'piring','./images/no-menu-1.png','2019-08-31 03:38:53',NULL),(673,'144','Cheese Veggie Sandwich',60,'makanan',12500,'mangkuk','./images/no-menu-1.png','2019-09-18 08:49:34',NULL),(674,'145','Pasta',36,'camilan',6500,'mangkuk','./images/no-menu-1.png','2019-08-29 03:26:10',NULL),(675,'145','Cheese Pizza',87,'camilan',15500,'piring','./images/no-menu-1.png','2019-08-31 08:31:33',NULL),(676,'146','Bacon Dog',14,'camilan',14500,'mangkuk','./images/no-menu-1.png','2019-09-22 10:12:49',NULL),(677,'146','Cheese Dog',15,'camilan',6500,'gelas','./images/no-menu-1.png','2019-08-31 10:03:46',NULL),(678,'146','Cheese Dog',21,'minuman',14000,'mangkuk','./images/no-menu-1.png','2019-09-01 02:53:48',NULL),(679,'146','Little Hamburger',71,'camilan',17000,'gelas','./images/no-menu-1.png','2019-09-09 02:00:27',NULL),(680,'146','Little Hamburger',66,'minuman',6000,'gelas','./images/no-menu-1.png','2019-09-05 09:48:34',NULL),(681,'147','Bacon Cheese Dog',48,'minuman',6000,'gelas','./images/no-menu-1.png','2019-09-15 01:01:36',NULL),(682,'147','Bacon Burger',77,'makanan',19500,'gelas','./images/no-menu-1.png','2019-09-14 11:35:24',NULL),(683,'147','Little Cheeseburger',27,'makanan',10000,'gelas','./images/no-menu-1.png','2019-09-03 01:46:43',NULL),(684,'147','Little Cheeseburger',53,'camilan',10000,'gelas','./images/no-menu-1.png','2019-09-02 06:17:30',NULL),(685,'148','Little Bacon Cheeseburger',40,'minuman',10500,'mangkuk','./images/no-menu-1.png','2019-09-20 02:08:10',NULL),(686,'148','Little Hamburger',24,'makanan',19500,'gelas','./images/no-menu-1.png','2019-09-25 01:42:42',NULL),(687,'148','Bacon Cheese Dog',18,'minuman',14500,'piring','./images/no-menu-1.png','2019-09-02 05:58:34',NULL),(688,'149','Grilled Cheese',79,'minuman',14500,'piring','./images/no-menu-1.png','2019-09-02 08:24:41',NULL),(689,'149','Bacon Cheeseburger',42,'makanan',5000,'gelas','./images/no-menu-1.png','2019-09-09 01:24:34',NULL),(690,'149','Little Cheeseburger',74,'minuman',10500,'mangkuk','./images/no-menu-1.png','2019-08-30 01:58:03',NULL),(691,'149','Bacon Cheese Dog',94,'minuman',18000,'mangkuk','./images/no-menu-1.png','2019-09-19 07:41:40',NULL),(692,'149','Grilled Cheese',80,'camilan',6500,'gelas','./images/no-menu-1.png','2019-09-28 09:12:01',NULL),(693,'149','Bacon Dog',96,'camilan',15500,'piring','./images/no-menu-1.png','2019-09-06 01:44:59',NULL),(694,'149','Little Bacon Cheeseburger',13,'minuman',9500,'gelas','./images/no-menu-1.png','2019-09-27 08:24:20',NULL),(695,'150','Cheeseburger',27,'camilan',10000,'gelas','./images/no-menu-1.png','2019-09-16 03:08:19',NULL),(696,'150','Hamburger',3,'minuman',14000,'mangkuk','./images/no-menu-1.png','2019-09-16 03:29:34',NULL),(697,'150','Bacon Cheese Dog',22,'camilan',14500,'mangkuk','./images/no-menu-1.png','2019-09-29 06:44:40',NULL),(698,'150','Grilled Cheese',6,'makanan',8000,'gelas','./images/no-menu-1.png','2019-09-01 04:35:47',NULL),(699,'151','Bacon Cheese Dog',57,'minuman',9500,'gelas','./images/no-menu-1.png','2019-09-09 11:10:59',NULL),(700,'151','Bacon Dog',75,'minuman',6000,'gelas','./images/no-menu-1.png','2019-09-29 06:29:44',NULL),(701,'151','Bacon Cheeseburger',62,'minuman',18000,'mangkuk','./images/no-menu-1.png','2019-09-15 08:15:46',NULL),(702,'151','Little Cheeseburger',79,'minuman',6000,'piring','./images/no-menu-1.png','2019-09-22 04:26:30',NULL),(703,'151','Pasta',83,'camilan',6500,'gelas','./images/no-menu-1.png','2019-08-29 03:33:08',NULL),(704,'151','Little Hamburger',28,'minuman',14500,'piring','./images/no-menu-1.png','2019-08-28 09:35:34',NULL),(705,'151','Little Cheeseburger',85,'minuman',18000,'mangkuk','./images/no-menu-1.png','2019-09-15 11:03:32',NULL),(706,'152','Cheese Pizza',29,'makanan',8000,'gelas','./images/no-menu-1.png','2019-09-03 10:03:57',NULL),(707,'152','Cheese Dog',98,'minuman',10500,'mangkuk','./images/no-menu-1.png','2019-09-10 03:19:41',NULL),(708,'152','Little Bacon Burger',99,'camilan',6500,'mangkuk','./images/no-menu-1.png','2019-09-01 01:34:48',NULL),(709,'153','Little Hamburger',35,'makanan',8000,'gelas','./images/no-menu-1.png','2019-08-31 11:28:11',NULL),(710,'153','Bacon Cheeseburger',87,'minuman',11000,'piring','./images/no-menu-1.png','2019-09-16 10:51:28',NULL),(711,'153','Little Hamburger',9,'makanan',13500,'mangkuk','./images/no-menu-1.png','2019-09-19 05:59:50',NULL),(712,'153','Pasta',96,'minuman',16000,'mangkuk','./images/no-menu-1.png','2019-09-23 12:38:43',NULL),(713,'154','Cheeseburger',78,'minuman',9500,'gelas','./images/no-menu-1.png','2019-09-23 08:32:57',NULL),(714,'154','Grilled Cheese',84,'minuman',6000,'piring','./images/no-menu-1.png','2019-09-24 01:06:59',NULL),(715,'154','Pasta',47,'minuman',16000,'mangkuk','./images/no-menu-1.png','2019-09-22 04:23:49',NULL),(716,'154','Grilled Cheese',54,'camilan',19000,'mangkuk','./images/no-menu-1.png','2019-09-03 03:07:29',NULL),(717,'154','Bacon Burger',48,'makanan',5000,'gelas','./images/no-menu-1.png','2019-09-15 12:30:57',NULL),(718,'155','Little Bacon Burger',22,'camilan',10000,'gelas','./images/no-menu-1.png','2019-09-01 09:40:35',NULL),(719,'155','Pasta',14,'camilan',6500,'mangkuk','./images/no-menu-1.png','2019-09-06 03:58:53',NULL),(720,'155','Grilled Cheese',32,'minuman',18000,'mangkuk','./images/no-menu-1.png','2019-09-27 08:22:10',NULL),(721,'155','Bacon Cheese Dog',31,'camilan',17000,'gelas','./images/no-menu-1.png','2019-09-26 09:26:12',NULL),(722,'155','Bacon Burger',42,'camilan',10000,'piring','./images/no-menu-1.png','2019-09-05 06:12:12',NULL),(723,'155','Hamburger',96,'minuman',16000,'mangkuk','./images/no-menu-1.png','2019-09-18 11:17:54',NULL),(724,'155','Cheese Pizza',34,'camilan',6500,'mangkuk','./images/no-menu-1.png','2019-09-13 12:42:28',NULL),(725,'155','Bacon Burger',1,'camilan',6500,'mangkuk','./images/no-menu-1.png','2019-09-30 06:36:17',NULL),(726,'155','Cheese Dog',6,'camilan',10000,'gelas','./images/no-menu-1.png','2019-08-29 05:32:17',NULL),(727,'155','Little Hamburger',31,'camilan',6500,'mangkuk','./images/no-menu-1.png','2019-09-25 04:52:55',NULL),(728,'156','Bacon Burger',43,'minuman',14500,'piring','./images/no-menu-1.png','2019-09-10 10:56:20',NULL),(729,'156','Cheese Veggie Sandwich',57,'minuman',16000,'mangkuk','./images/no-menu-1.png','2019-09-22 04:30:06',NULL),(730,'156','Veggie Sandwich',91,'minuman',9500,'gelas','./images/no-menu-1.png','2019-09-27 01:59:36',NULL),(731,'157','Little Cheeseburger',57,'makanan',19500,'gelas','./images/no-menu-1.png','2019-09-08 12:51:50',NULL),(732,'157','Cheeseburger',15,'minuman',11000,'piring','./images/no-menu-1.png','2019-09-24 06:04:16',NULL),(733,'157','Little Hamburger',20,'minuman',14500,'piring','./images/no-menu-1.png','2019-09-24 04:45:02',NULL),(734,'157','Cheese Pizza',58,'camilan',6500,'mangkuk','./images/no-menu-1.png','2019-09-01 11:23:08',NULL),(735,'157','Little Bacon Burger',58,'minuman',14500,'piring','./images/no-menu-1.png','2019-09-11 07:27:06',NULL),(736,'158','Cheese Veggie Sandwich',37,'camilan',6500,'mangkuk','./images/no-menu-1.png','2019-09-16 09:01:27',NULL),(737,'158','Veggie Sandwich',39,'minuman',9500,'gelas','./images/no-menu-1.png','2019-09-07 02:27:34',NULL),(738,'158','Little Cheeseburger',36,'minuman',6000,'gelas','./images/no-menu-1.png','2019-09-11 04:24:45',NULL),(739,'158','Little Bacon Cheeseburger',89,'minuman',11000,'piring','./images/no-menu-1.png','2019-09-04 02:59:30',NULL),(740,'159','Little Hamburger',86,'minuman',9500,'gelas','./images/no-menu-1.png','2019-09-01 02:56:44',NULL),(741,'159','Little Bacon Burger',23,'minuman',14000,'mangkuk','./images/no-menu-1.png','2019-09-18 07:14:21',NULL),(742,'159','Bacon Cheese Dog',16,'minuman',18000,'mangkuk','./images/no-menu-1.png','2019-09-21 07:53:22',NULL),(743,'159','Little Hamburger',16,'camilan',14500,'mangkuk','./images/no-menu-1.png','2019-08-31 12:17:09',NULL),(744,'159','Cheese Pizza',97,'minuman',17500,'piring','./images/no-menu-1.png','2019-09-01 04:09:40',NULL),(745,'159','Little Bacon Burger',26,'camilan',6500,'mangkuk','./images/no-menu-1.png','2019-09-18 10:14:03',NULL),(746,'160','Cheese Dog',6,'camilan',6500,'mangkuk','./images/no-menu-1.png','2019-09-10 07:50:17',NULL),(747,'160','Little Bacon Cheeseburger',61,'minuman',16000,'mangkuk','./images/no-menu-1.png','2019-09-15 09:37:48',NULL),(748,'160','Grilled Cheese',43,'makanan',13500,'mangkuk','./images/no-menu-1.png','2019-09-03 11:02:00',NULL),(749,'160','Hamburger',65,'minuman',6000,'gelas','./images/no-menu-1.png','2019-09-30 03:33:35',NULL),(750,'160','Hamburger',97,'makanan',12500,'mangkuk','./images/no-menu-1.png','2019-09-13 09:22:07',NULL),(751,'160','Bacon Cheeseburger',58,'minuman',14500,'piring','./images/no-menu-1.png','2019-09-05 02:33:14',NULL),(752,'161','Grilled Cheese',18,'minuman',11000,'piring','./images/no-menu-1.png','2019-09-06 02:52:39',NULL),(753,'161','Little Bacon Burger',90,'minuman',9500,'gelas','./images/no-menu-1.png','2019-09-12 04:42:37',NULL),(754,'161','Bacon Burger',45,'minuman',17500,'piring','./images/no-menu-1.png','2019-08-30 12:27:17',NULL),(755,'161','Little Hamburger',94,'camilan',17000,'gelas','./images/no-menu-1.png','2019-08-31 08:39:23',NULL),(756,'162','Little Hamburger',27,'makanan',19500,'gelas','./images/no-menu-1.png','2019-09-28 02:37:03',NULL),(757,'163','Cheese Veggie Sandwich',29,'minuman',14000,'mangkuk','./images/no-menu-1.png','2019-09-16 10:50:12',NULL),(758,'163','Bacon Dog',96,'minuman',18000,'mangkuk','./images/no-menu-1.png','2019-09-26 01:33:15',NULL),(759,'163','Bacon Burger',3,'minuman',6000,'piring','./images/no-menu-1.png','2019-09-06 08:20:13',NULL),(760,'163','Veggie Sandwich',41,'minuman',14000,'mangkuk','./images/no-menu-1.png','2019-09-16 02:39:47',NULL),(761,'164','Cheese Dog',10,'makanan',13500,'mangkuk','./images/no-menu-1.png','2019-09-24 05:22:41',NULL),(762,'164','Little Bacon Burger',69,'minuman',16000,'mangkuk','./images/no-menu-1.png','2019-09-24 01:30:44',NULL),(763,'164','Little Bacon Burger',30,'minuman',11000,'piring','./images/no-menu-1.png','2019-09-27 02:25:55',NULL),(764,'164','Hamburger',5,'camilan',15500,'piring','./images/no-menu-1.png','2019-09-17 11:11:50',NULL),(765,'164','Little Cheeseburger',27,'minuman',14000,'mangkuk','./images/no-menu-1.png','2019-09-09 03:09:06',NULL),(766,'164','Little Bacon Cheeseburger',80,'minuman',6000,'gelas','./images/no-menu-1.png','2019-09-30 02:06:41',NULL),(767,'165','Grilled Cheese',75,'minuman',14500,'piring','./images/no-menu-1.png','2019-09-14 02:24:05',NULL),(768,'165','Cheeseburger',40,'minuman',14000,'mangkuk','./images/no-menu-1.png','2019-09-06 01:59:06',NULL),(769,'165','Veggie Sandwich',70,'minuman',17000,'mangkuk','./images/no-menu-1.png','2019-09-21 03:55:46',NULL),(770,'165','Cheese Dog',23,'makanan',19500,'gelas','./images/no-menu-1.png','2019-09-01 06:06:54',NULL),(771,'165','Cheese Dog',64,'minuman',10500,'mangkuk','./images/no-menu-1.png','2019-09-15 04:47:54',NULL),(772,'165','Bacon Burger',52,'minuman',6000,'gelas','./images/no-menu-1.png','2019-09-19 12:02:17',NULL),(773,'166','Bacon Dog',86,'minuman',6000,'gelas','./images/no-menu-1.png','2019-09-22 10:00:30',NULL),(774,'166','Cheese Pizza',75,'camilan',6500,'gelas','./images/no-menu-1.png','2019-09-22 08:54:57',NULL),(775,'166','Little Cheeseburger',28,'camilan',10000,'piring','./images/no-menu-1.png','2019-09-23 03:27:40',NULL),(776,'166','Little Bacon Burger',96,'minuman',16000,'mangkuk','./images/no-menu-1.png','2019-09-12 02:44:56',NULL),(777,'166','Cheese Pizza',36,'camilan',10000,'gelas','./images/no-menu-1.png','2019-09-08 07:44:59',NULL),(778,'166','Cheese Pizza',78,'makanan',19500,'gelas','./images/no-menu-1.png','2019-09-10 11:21:51',NULL),(779,'167','Veggie Sandwich',76,'minuman',9500,'gelas','./images/no-menu-1.png','2019-09-01 07:15:05',NULL),(780,'167','Cheese Veggie Sandwich',7,'makanan',19500,'gelas','./images/no-menu-1.png','2019-09-19 08:11:33',NULL),(781,'167','Bacon Burger',42,'camilan',6500,'mangkuk','./images/no-menu-1.png','2019-09-06 07:59:45',NULL),(782,'168','Grilled Cheese',45,'camilan',14500,'mangkuk','./images/no-menu-1.png','2019-09-01 03:16:12',NULL),(783,'168','Cheese Veggie Sandwich',81,'minuman',14500,'piring','./images/no-menu-1.png','2019-09-16 10:55:51',NULL),(784,'168','Veggie Sandwich',96,'camilan',10000,'piring','./images/no-menu-1.png','2019-09-12 02:14:13',NULL),(785,'168','Cheese Pizza',85,'minuman',6000,'piring','./images/no-menu-1.png','2019-09-03 01:58:06',NULL),(786,'168','Veggie Sandwich',15,'minuman',18000,'mangkuk','./images/no-menu-1.png','2019-09-17 12:48:00',NULL),(787,'168','Bacon Dog',88,'minuman',14000,'mangkuk','./images/no-menu-1.png','2019-09-06 08:09:31',NULL),(788,'169','Cheeseburger',36,'makanan',12500,'mangkuk','./images/no-menu-1.png','2019-09-22 12:30:23',NULL),(789,'169','Bacon Cheeseburger',94,'camilan',10000,'piring','./images/no-menu-1.png','2019-08-29 03:47:47',NULL),(790,'169','Bacon Burger',18,'makanan',13500,'mangkuk','./images/no-menu-1.png','2019-09-12 07:20:25',NULL),(791,'170','Bacon Cheeseburger',76,'minuman',9500,'gelas','./images/no-menu-1.png','2019-09-12 02:45:19',NULL),(792,'170','Little Hamburger',45,'camilan',6500,'gelas','./images/no-menu-1.png','2019-09-05 07:18:28',NULL),(793,'170','Cheese Veggie Sandwich',62,'camilan',10000,'gelas','./images/no-menu-1.png','2019-09-05 02:27:42',NULL),(794,'170','Bacon Dog',26,'camilan',19000,'mangkuk','./images/no-menu-1.png','2019-09-16 03:15:47',NULL),(795,'170','Bacon Cheeseburger',58,'camilan',6500,'mangkuk','./images/no-menu-1.png','2019-09-20 11:10:42',NULL),(796,'170','Little Cheeseburger',24,'minuman',11000,'piring','./images/no-menu-1.png','2019-09-25 10:59:59',NULL),(797,'170','Bacon Dog',88,'makanan',13500,'mangkuk','./images/no-menu-1.png','2019-09-27 09:08:34',NULL),(798,'170','Grilled Cheese',54,'makanan',8000,'gelas','./images/no-menu-1.png','2019-08-31 10:00:44',NULL),(799,'171','Pasta',59,'minuman',9500,'gelas','./images/no-menu-1.png','2019-09-18 12:03:55',NULL),(800,'171','Cheese Veggie Sandwich',11,'minuman',11000,'piring','./images/no-menu-1.png','2019-09-25 03:54:39',NULL),(801,'171','Bacon Cheeseburger',23,'makanan',8000,'gelas','./images/no-menu-1.png','2019-09-03 04:01:00',NULL),(802,'171','Little Bacon Cheeseburger',59,'makanan',5000,'gelas','./images/no-menu-1.png','2019-09-29 10:18:58',NULL),(803,'172','Bacon Cheese Dog',54,'minuman',10500,'mangkuk','./images/no-menu-1.png','2019-09-19 03:30:22',NULL),(804,'173','Little Bacon Cheeseburger',68,'makanan',12500,'mangkuk','./images/no-menu-1.png','2019-09-30 04:32:21',NULL),(805,'173','Little Cheeseburger',24,'camilan',15500,'piring','./images/no-menu-1.png','2019-09-11 04:52:25',NULL),(806,'173','Little Bacon Burger',58,'minuman',18000,'mangkuk','./images/no-menu-1.png','2019-09-22 06:13:49',NULL),(807,'173','Little Hamburger',55,'makanan',13500,'mangkuk','./images/no-menu-1.png','2019-09-08 05:59:09',NULL),(808,'173','Cheeseburger',67,'camilan',10000,'gelas','./images/no-menu-1.png','2019-09-30 10:05:12',NULL),(809,'174','Veggie Sandwich',63,'minuman',17500,'piring','./images/no-menu-1.png','2019-09-27 02:08:49',NULL),(810,'174','Bacon Cheese Dog',10,'minuman',9500,'gelas','./images/no-menu-1.png','2019-09-12 09:07:17',NULL),(811,'174','Bacon Dog',43,'camilan',10000,'gelas','./images/no-menu-1.png','2019-09-12 04:15:47',NULL),(812,'175','Bacon Cheeseburger',85,'camilan',17000,'gelas','./images/no-menu-1.png','2019-09-24 09:36:10',NULL),(813,'175','Little Hamburger',15,'minuman',18000,'mangkuk','./images/no-menu-1.png','2019-08-31 10:38:02',NULL),(814,'176','Little Cheeseburger',41,'camilan',17000,'gelas','./images/no-menu-1.png','2019-09-02 04:06:07',NULL),(815,'176','Little Cheeseburger',11,'minuman',17000,'mangkuk','./images/no-menu-1.png','2019-09-17 01:06:40',NULL),(816,'176','Cheese Veggie Sandwich',99,'camilan',19000,'mangkuk','./images/no-menu-1.png','2019-09-21 03:45:49',NULL),(817,'176','Bacon Burger',24,'makanan',12500,'mangkuk','./images/no-menu-1.png','2019-09-08 06:05:11',NULL),(818,'176','Bacon Burger',18,'makanan',13500,'mangkuk','./images/no-menu-1.png','2019-09-24 04:18:36',NULL),(819,'177','Bacon Cheeseburger',2,'minuman',10500,'mangkuk','./images/no-menu-1.png','2019-09-27 12:34:36',NULL),(820,'177','Veggie Sandwich',92,'makanan',5000,'gelas','./images/no-menu-1.png','2019-09-07 03:29:51',NULL),(821,'177','Bacon Cheeseburger',91,'minuman',9500,'gelas','./images/no-menu-1.png','2019-09-22 07:21:33',NULL),(822,'177','Hamburger',95,'minuman',17500,'piring','./images/no-menu-1.png','2019-09-13 01:14:57',NULL),(823,'178','Cheeseburger',70,'minuman',14000,'mangkuk','./images/no-menu-1.png','2019-09-24 06:46:49',NULL),(824,'179','Bacon Burger',53,'camilan',6500,'gelas','./images/no-menu-1.png','2019-09-27 03:44:56',NULL),(825,'179','Hamburger',3,'minuman',11000,'piring','./images/no-menu-1.png','2019-09-12 02:41:20',NULL),(826,'179','Little Hamburger',12,'minuman',11000,'piring','./images/no-menu-1.png','2019-09-19 01:45:09',NULL),(827,'179','Veggie Sandwich',10,'minuman',10500,'mangkuk','./images/no-menu-1.png','2019-09-03 12:53:47',NULL),(828,'179','Little Cheeseburger',25,'minuman',9500,'gelas','./images/no-menu-1.png','2019-09-15 02:55:25',NULL),(829,'179','Hamburger',36,'minuman',11000,'piring','./images/no-menu-1.png','2019-09-30 04:53:50',NULL),(830,'179','Bacon Dog',15,'makanan',19500,'gelas','./images/no-menu-1.png','2019-09-28 09:53:02',NULL),(831,'179','Cheese Pizza',81,'minuman',6000,'gelas','./images/no-menu-1.png','2019-09-12 08:33:58',NULL),(832,'180','Cheeseburger',96,'minuman',14000,'mangkuk','./images/no-menu-1.png','2019-09-12 09:06:03',NULL),(833,'180','Grilled Cheese',8,'makanan',8000,'gelas','./images/no-menu-1.png','2019-09-06 05:42:54',NULL),(834,'180','Cheese Pizza',42,'camilan',15500,'piring','./images/no-menu-1.png','2019-09-12 08:54:36',NULL),(835,'181','Pasta',37,'minuman',14000,'mangkuk','./images/no-menu-1.png','2019-09-01 05:18:38',NULL),(836,'181','Bacon Dog',54,'camilan',17000,'gelas','./images/no-menu-1.png','2019-09-05 04:47:16',NULL),(837,'181','Bacon Cheeseburger',38,'minuman',18000,'mangkuk','./images/no-menu-1.png','2019-09-07 06:55:19',NULL),(838,'181','Cheeseburger',85,'minuman',11000,'piring','./images/no-menu-1.png','2019-09-04 01:56:55',NULL),(839,'182','Little Bacon Cheeseburger',44,'makanan',5000,'gelas','./images/no-menu-1.png','2019-09-06 05:38:26',NULL),(840,'183','Pasta',68,'makanan',10000,'gelas','./images/no-menu-1.png','2019-09-28 11:17:43',NULL),(841,'183','Grilled Cheese',12,'camilan',10000,'piring','./images/no-menu-1.png','2019-09-20 09:34:42',NULL),(842,'183','Pasta',97,'camilan',10000,'gelas','./images/no-menu-1.png','2019-09-01 08:16:14',NULL),(843,'183','Cheese Dog',9,'minuman',17500,'piring','./images/no-menu-1.png','2019-09-04 10:27:06',NULL),(844,'183','Little Cheeseburger',25,'minuman',11000,'piring','./images/no-menu-1.png','2019-09-19 10:22:14',NULL),(845,'183','Bacon Cheese Dog',30,'camilan',10000,'gelas','./images/no-menu-1.png','2019-09-30 01:55:34',NULL),(846,'183','Little Bacon Cheeseburger',3,'camilan',15500,'piring','./images/no-menu-1.png','2019-09-17 10:41:56',NULL),(847,'183','Veggie Sandwich',21,'camilan',15500,'piring','./images/no-menu-1.png','2019-09-01 10:06:40',NULL),(848,'184','Pasta',95,'makanan',10000,'gelas','./images/no-menu-1.png','2019-09-18 01:33:22',NULL),(849,'184','Cheeseburger',52,'camilan',6500,'mangkuk','./images/no-menu-1.png','2019-09-17 06:31:41',NULL),(850,'184','Bacon Dog',95,'makanan',8000,'gelas','./images/no-menu-1.png','2019-08-30 04:42:54',NULL),(851,'184','Bacon Cheeseburger',10,'minuman',17000,'mangkuk','./images/no-menu-1.png','2019-09-18 03:03:38',NULL),(852,'184','Grilled Cheese',56,'minuman',9500,'gelas','./images/no-menu-1.png','2019-09-16 08:01:44',NULL),(853,'185','Grilled Cheese',54,'camilan',6500,'gelas','./images/no-menu-1.png','2019-09-01 11:51:16',NULL),(854,'185','Cheese Dog',14,'camilan',14500,'mangkuk','./images/no-menu-1.png','2019-09-26 08:44:48',NULL),(855,'185','Little Bacon Burger',52,'camilan',15500,'piring','./images/no-menu-1.png','2019-09-10 04:46:08',NULL),(856,'186','Bacon Cheeseburger',63,'minuman',17000,'mangkuk','./images/no-menu-1.png','2019-08-30 10:24:01',NULL),(857,'186','Cheese Veggie Sandwich',31,'minuman',17500,'piring','./images/no-menu-1.png','2019-09-01 06:15:38',NULL),(858,'186','Bacon Burger',13,'makanan',8000,'gelas','./images/no-menu-1.png','2019-09-12 08:05:20',NULL),(859,'186','Cheese Dog',88,'makanan',5000,'gelas','./images/no-menu-1.png','2019-09-14 07:38:29',NULL),(860,'186','Grilled Cheese',77,'makanan',19500,'gelas','./images/no-menu-1.png','2019-09-14 06:35:58',NULL),(861,'186','Veggie Sandwich',10,'camilan',6500,'gelas','./images/no-menu-1.png','2019-09-15 12:35:41',NULL),(862,'186','Pasta',97,'minuman',6000,'piring','./images/no-menu-1.png','2019-09-14 09:41:49',NULL),(863,'187','Little Hamburger',80,'camilan',6500,'gelas','./images/no-menu-1.png','2019-09-21 04:40:44',NULL),(864,'187','Pasta',18,'camilan',6500,'gelas','./images/no-menu-1.png','2019-09-27 06:53:31',NULL),(865,'188','Bacon Cheese Dog',4,'minuman',14000,'mangkuk','./images/no-menu-1.png','2019-09-21 05:26:58',NULL),(866,'188','Cheese Veggie Sandwich',26,'camilan',6500,'gelas','./images/no-menu-1.png','2019-09-22 12:29:25',NULL),(867,'188','Bacon Cheese Dog',54,'camilan',6500,'gelas','./images/no-menu-1.png','2019-08-29 10:12:11',NULL),(868,'188','Veggie Sandwich',11,'makanan',5000,'gelas','./images/no-menu-1.png','2019-09-04 08:12:09',NULL),(869,'188','Grilled Cheese',99,'minuman',9500,'gelas','./images/no-menu-1.png','2019-09-25 07:11:43',NULL),(870,'188','Bacon Dog',51,'minuman',17500,'piring','./images/no-menu-1.png','2019-09-22 04:39:44',NULL),(871,'189','Veggie Sandwich',21,'minuman',18000,'mangkuk','./images/no-menu-1.png','2019-09-29 01:55:04',NULL),(872,'189','Bacon Cheese Dog',46,'minuman',11000,'piring','./images/no-menu-1.png','2019-09-19 12:54:55',NULL),(873,'189','Pasta',17,'minuman',16000,'mangkuk','./images/no-menu-1.png','2019-09-22 11:04:11',NULL),(874,'189','Hamburger',88,'camilan',10000,'piring','./images/no-menu-1.png','2019-09-24 04:03:20',NULL),(875,'189','Little Cheeseburger',8,'makanan',12500,'mangkuk','./images/no-menu-1.png','2019-09-29 10:09:07',NULL),(876,'190','Bacon Cheeseburger',33,'minuman',10500,'mangkuk','./images/no-menu-1.png','2019-08-30 09:27:05',NULL),(877,'191','Bacon Dog',78,'makanan',10000,'gelas','./images/no-menu-1.png','2019-09-02 10:06:06',NULL),(878,'191','Little Hamburger',87,'makanan',10000,'gelas','./images/no-menu-1.png','2019-09-18 08:10:45',NULL),(879,'191','Grilled Cheese',97,'camilan',6500,'gelas','./images/no-menu-1.png','2019-08-29 08:28:43',NULL),(880,'192','Cheese Veggie Sandwich',8,'makanan',8000,'gelas','./images/no-menu-1.png','2019-09-23 03:52:57',NULL),(881,'193','Little Bacon Burger',8,'minuman',6000,'gelas','./images/no-menu-1.png','2019-09-16 11:27:07',NULL),(882,'193','Bacon Cheese Dog',62,'minuman',10500,'mangkuk','./images/no-menu-1.png','2019-09-19 01:54:50',NULL),(883,'193','Pasta',91,'minuman',11000,'piring','./images/no-menu-1.png','2019-09-30 03:58:20',NULL),(884,'194','Cheese Veggie Sandwich',72,'camilan',15500,'piring','./images/no-menu-1.png','2019-09-08 08:54:44',NULL),(885,'194','Cheese Pizza',43,'camilan',6500,'gelas','./images/no-menu-1.png','2019-09-05 08:15:05',NULL),(886,'194','Bacon Cheese Dog',10,'makanan',12500,'mangkuk','./images/no-menu-1.png','2019-09-02 10:56:29',NULL),(887,'194','Bacon Dog',5,'makanan',13500,'mangkuk','./images/no-menu-1.png','2019-08-30 12:23:14',NULL),(888,'195','Bacon Dog',81,'minuman',17500,'piring','./images/no-menu-1.png','2019-09-04 09:26:49',NULL),(889,'195','Little Bacon Burger',93,'minuman',18000,'mangkuk','./images/no-menu-1.png','2019-09-15 05:48:18',NULL),(890,'195','Cheese Veggie Sandwich',39,'camilan',10000,'gelas','./images/no-menu-1.png','2019-09-28 06:53:39',NULL),(891,'195','Pasta',38,'minuman',11000,'piring','./images/no-menu-1.png','2019-09-10 03:55:03',NULL),(892,'196','Little Bacon Burger',72,'camilan',15500,'piring','./images/no-menu-1.png','2019-09-25 02:22:49',NULL),(893,'196','Bacon Burger',14,'makanan',13500,'mangkuk','./images/no-menu-1.png','2019-09-30 11:45:29',NULL),(894,'196','Cheese Pizza',10,'minuman',10500,'mangkuk','./images/no-menu-1.png','2019-09-05 08:34:22',NULL),(895,'196','Little Cheeseburger',22,'minuman',11000,'piring','./images/no-menu-1.png','2019-09-06 07:54:29',NULL),(896,'197','Cheese Dog',27,'camilan',17000,'gelas','./images/no-menu-1.png','2019-08-30 10:15:17',NULL),(897,'197','Pasta',10,'camilan',14500,'mangkuk','./images/no-menu-1.png','2019-09-01 12:50:53',NULL),(898,'197','Little Bacon Cheeseburger',77,'makanan',12500,'mangkuk','./images/no-menu-1.png','2019-09-22 05:20:52',NULL),(899,'197','Grilled Cheese',44,'camilan',10000,'piring','./images/no-menu-1.png','2019-09-24 12:06:36',NULL),(900,'197','Cheeseburger',35,'makanan',12500,'mangkuk','./images/no-menu-1.png','2019-09-13 12:29:48',NULL),(901,'197','Cheeseburger',46,'makanan',5000,'gelas','./images/no-menu-1.png','2019-09-28 02:40:37',NULL),(902,'197','Little Cheeseburger',7,'camilan',10000,'gelas','./images/no-menu-1.png','2019-09-30 08:40:52',NULL),(903,'197','Little Bacon Cheeseburger',14,'minuman',14000,'mangkuk','./images/no-menu-1.png','2019-09-14 11:47:29',NULL),(904,'197','Grilled Cheese',96,'camilan',19000,'mangkuk','./images/no-menu-1.png','2019-09-22 07:10:46',NULL),(905,'198','Bacon Cheeseburger',40,'minuman',18000,'mangkuk','./images/no-menu-1.png','2019-09-05 10:47:52',NULL),(906,'198','Pasta',96,'minuman',9500,'gelas','./images/no-menu-1.png','2019-09-20 01:41:19',NULL),(907,'198','Cheeseburger',3,'camilan',19000,'mangkuk','./images/no-menu-1.png','2019-09-24 10:26:32',NULL),(908,'198','Grilled Cheese',39,'minuman',6000,'gelas','./images/no-menu-1.png','2019-09-17 08:22:23',NULL),(909,'199','Grilled Cheese',97,'minuman',6000,'gelas','./images/no-menu-1.png','2019-09-29 09:23:36',NULL),(910,'199','Cheeseburger',30,'minuman',18000,'mangkuk','./images/no-menu-1.png','2019-09-23 08:12:19',NULL),(911,'200','Grilled Cheese',71,'camilan',6500,'mangkuk','./images/no-menu-1.png','2019-09-14 11:17:17',NULL),(912,'201','Hamburger',12,'makanan',5000,'gelas','./images/no-menu-1.png','2019-09-30 06:53:34',NULL),(913,'201','Bacon Cheeseburger',43,'camilan',19000,'mangkuk','./images/no-menu-1.png','2019-09-26 07:42:55',NULL),(914,'201','Little Cheeseburger',2,'makanan',10000,'gelas','./images/no-menu-1.png','2019-09-13 06:20:05',NULL),(915,'201','Bacon Cheeseburger',6,'minuman',14500,'piring','./images/no-menu-1.png','2019-09-02 01:40:46',NULL),(916,'201','Little Hamburger',90,'minuman',17500,'piring','./images/no-menu-1.png','2019-09-10 04:53:34',NULL),(917,'201','Cheeseburger',33,'minuman',14000,'mangkuk','./images/no-menu-1.png','2019-09-15 05:14:03',NULL),(918,'201','Bacon Dog',53,'minuman',18000,'mangkuk','./images/no-menu-1.png','2019-09-25 12:26:15',NULL),(919,'202','Cheeseburger',36,'minuman',17000,'mangkuk','./images/no-menu-1.png','2019-08-30 05:27:12',NULL),(920,'202','Little Hamburger',14,'minuman',9500,'gelas','./images/no-menu-1.png','2019-08-31 02:09:03',NULL),(921,'202','Cheese Veggie Sandwich',42,'makanan',12500,'mangkuk','./images/no-menu-1.png','2019-09-26 04:47:13',NULL),(922,'202','Cheeseburger',77,'minuman',17000,'mangkuk','./images/no-menu-1.png','2019-09-21 07:28:39',NULL),(923,'203','Little Cheeseburger',79,'camilan',10000,'gelas','./images/no-menu-1.png','2019-09-16 06:01:25',NULL),(924,'203','Pasta',82,'camilan',10000,'gelas','./images/no-menu-1.png','2019-09-17 06:10:01',NULL),(925,'203','Bacon Cheese Dog',25,'camilan',6500,'mangkuk','./images/no-menu-1.png','2019-08-30 01:59:38',NULL),(926,'203','Cheeseburger',67,'makanan',13500,'mangkuk','./images/no-menu-1.png','2019-09-30 12:33:47',NULL),(927,'203','Little Hamburger',36,'camilan',14500,'mangkuk','./images/no-menu-1.png','2019-09-20 06:00:52',NULL),(928,'203','Pasta',99,'minuman',18000,'mangkuk','./images/no-menu-1.png','2019-09-14 02:19:05',NULL),(929,'204','Hamburger',54,'makanan',19500,'gelas','./images/no-menu-1.png','2019-09-29 03:14:58',NULL),(930,'204','Little Bacon Burger',93,'makanan',13500,'mangkuk','./images/no-menu-1.png','2019-09-21 06:04:01',NULL),(931,'204','Bacon Cheese Dog',79,'camilan',19000,'mangkuk','./images/no-menu-1.png','2019-09-22 12:49:34',NULL),(932,'204','Grilled Cheese',99,'camilan',10000,'gelas','./images/no-menu-1.png','2019-08-30 10:34:27',NULL),(933,'204','Cheese Pizza',4,'camilan',19000,'mangkuk','./images/no-menu-1.png','2019-09-19 07:45:04',NULL),(934,'204','Little Hamburger',73,'camilan',15500,'piring','./images/no-menu-1.png','2019-09-21 04:19:51',NULL),(935,'204','Cheese Pizza',5,'camilan',6500,'mangkuk','./images/no-menu-1.png','2019-09-29 08:03:11',NULL),(936,'204','Pasta',18,'makanan',19500,'gelas','./images/no-menu-1.png','2019-09-30 08:24:01',NULL),(937,'204','Pasta',32,'minuman',18000,'mangkuk','./images/no-menu-1.png','2019-09-15 04:33:30',NULL),(938,'205','Hamburger',62,'minuman',6000,'piring','./images/no-menu-1.png','2019-08-30 10:36:20',NULL),(939,'205','Cheese Veggie Sandwich',85,'makanan',19500,'gelas','./images/no-menu-1.png','2019-09-25 10:53:31',NULL),(940,'205','Cheese Veggie Sandwich',16,'makanan',10000,'gelas','./images/no-menu-1.png','2019-09-18 03:52:46',NULL),(941,'206','Hamburger',90,'minuman',10500,'mangkuk','./images/no-menu-1.png','2019-09-03 07:41:05',NULL),(942,'206','Veggie Sandwich',61,'minuman',17500,'piring','./images/no-menu-1.png','2019-09-01 06:58:48',NULL);
INSERT INTO `mutasi_menu` VALUES (943,'206','Pasta',86,'minuman',17500,'piring','./images/no-menu-1.png','2019-09-23 01:05:07',NULL),(944,'206','Cheese Dog',35,'makanan',19500,'gelas','./images/no-menu-1.png','2019-09-27 03:59:20',NULL),(945,'207','Bacon Cheeseburger',90,'minuman',17500,'piring','./images/no-menu-1.png','2019-09-09 10:13:26',NULL),(946,'207','Little Cheeseburger',9,'makanan',5000,'gelas','./images/no-menu-1.png','2019-09-12 01:17:17',NULL),(947,'207','Bacon Cheese Dog',79,'minuman',16000,'mangkuk','./images/no-menu-1.png','2019-09-16 06:13:02',NULL),(948,'207','Hamburger',52,'minuman',14000,'mangkuk','./images/no-menu-1.png','2019-09-13 04:54:07',NULL),(949,'207','Bacon Burger',38,'camilan',10000,'piring','./images/no-menu-1.png','2019-09-12 05:33:56',NULL),(950,'207','Bacon Cheese Dog',38,'camilan',17000,'gelas','./images/no-menu-1.png','2019-08-30 12:49:00',NULL),(951,'207','Cheese Dog',69,'minuman',14000,'mangkuk','./images/no-menu-1.png','2019-09-22 03:20:57',NULL),(952,'208','Little Hamburger',95,'minuman',6000,'gelas','./images/no-menu-1.png','2019-09-01 08:54:59',NULL),(953,'208','Bacon Cheeseburger',9,'minuman',6000,'gelas','./images/no-menu-1.png','2019-09-19 12:24:56',NULL),(954,'208','Little Cheeseburger',72,'minuman',18000,'mangkuk','./images/no-menu-1.png','2019-09-25 12:46:29',NULL),(955,'208','Grilled Cheese',52,'minuman',11000,'piring','./images/no-menu-1.png','2019-09-22 12:12:58',NULL),(956,'208','Little Hamburger',76,'minuman',11000,'piring','./images/no-menu-1.png','2019-09-28 12:44:40',NULL),(957,'208','Cheeseburger',74,'minuman',6000,'piring','./images/no-menu-1.png','2019-08-31 01:15:07',NULL),(958,'208','Little Hamburger',84,'makanan',10000,'gelas','./images/no-menu-1.png','2019-09-10 04:27:34',NULL),(959,'209','Little Bacon Burger',53,'minuman',6000,'gelas','./images/no-menu-1.png','2019-09-12 11:02:30',NULL),(960,'209','Cheeseburger',70,'camilan',19000,'mangkuk','./images/no-menu-1.png','2019-08-29 06:13:52',NULL),(961,'209','Grilled Cheese',40,'camilan',10000,'piring','./images/no-menu-1.png','2019-09-21 03:50:00',NULL),(962,'209','Bacon Dog',28,'makanan',12500,'mangkuk','./images/no-menu-1.png','2019-09-24 12:37:04',NULL),(963,'209','Grilled Cheese',14,'camilan',6500,'gelas','./images/no-menu-1.png','2019-09-22 12:53:54',NULL),(964,'209','Cheese Veggie Sandwich',79,'minuman',17000,'mangkuk','./images/no-menu-1.png','2019-09-07 10:33:20',NULL),(965,'210','Little Cheeseburger',73,'minuman',14000,'mangkuk','./images/no-menu-1.png','2019-09-24 09:35:35',NULL),(966,'210','Bacon Dog',80,'camilan',6500,'gelas','./images/no-menu-1.png','2019-09-30 11:41:27',NULL),(967,'210','Pasta',41,'camilan',19000,'mangkuk','./images/no-menu-1.png','2019-09-22 08:31:54',NULL),(968,'210','Hamburger',81,'camilan',17000,'gelas','./images/no-menu-1.png','2019-09-03 04:23:42',NULL),(969,'210','Little Hamburger',35,'minuman',18000,'mangkuk','./images/no-menu-1.png','2019-09-17 09:01:24',NULL),(970,'210','Grilled Cheese',55,'minuman',6000,'piring','./images/no-menu-1.png','2019-08-29 08:45:29',NULL),(971,'210','Veggie Sandwich',68,'minuman',6000,'gelas','./images/no-menu-1.png','2019-09-05 12:57:36',NULL),(972,'210','Grilled Cheese',74,'minuman',10500,'mangkuk','./images/no-menu-1.png','2019-09-22 02:16:14',NULL),(973,'211','Cheese Dog',85,'camilan',6500,'gelas','./images/no-menu-1.png','2019-09-01 07:16:18',NULL),(974,'211','Grilled Cheese',93,'minuman',9500,'gelas','./images/no-menu-1.png','2019-09-04 03:47:31',NULL),(975,'211','Veggie Sandwich',32,'camilan',6500,'mangkuk','./images/no-menu-1.png','2019-09-12 01:24:00',NULL),(976,'211','Grilled Cheese',13,'camilan',10000,'piring','./images/no-menu-1.png','2019-09-16 08:10:50',NULL),(977,'211','Cheese Veggie Sandwich',10,'minuman',18000,'mangkuk','./images/no-menu-1.png','2019-09-06 07:47:15',NULL),(978,'211','Little Hamburger',70,'camilan',6500,'mangkuk','./images/no-menu-1.png','2019-09-09 08:19:26',NULL),(979,'212','Little Hamburger',53,'makanan',12500,'mangkuk','./images/no-menu-1.png','2019-09-23 05:23:10',NULL),(980,'212','Hamburger',47,'minuman',14500,'piring','./images/no-menu-1.png','2019-09-13 06:50:54',NULL),(981,'212','Hamburger',99,'camilan',10000,'piring','./images/no-menu-1.png','2019-09-07 10:30:58',NULL),(982,'212','Little Hamburger',40,'minuman',17000,'mangkuk','./images/no-menu-1.png','2019-09-05 09:41:11',NULL),(983,'212','Cheese Dog',17,'minuman',10500,'mangkuk','./images/no-menu-1.png','2019-09-09 05:26:33',NULL),(984,'213','Cheese Veggie Sandwich',23,'minuman',11000,'piring','./images/no-menu-1.png','2019-09-11 01:07:49',NULL),(985,'213','Little Cheeseburger',40,'makanan',13500,'mangkuk','./images/no-menu-1.png','2019-09-17 10:56:32',NULL),(986,'214','Bacon Burger',57,'makanan',5000,'gelas','./images/no-menu-1.png','2019-08-29 12:27:44',NULL),(987,'214','Cheeseburger',7,'camilan',10000,'piring','./images/no-menu-1.png','2019-08-28 10:00:52',NULL),(988,'214','Bacon Cheese Dog',67,'makanan',12500,'mangkuk','./images/no-menu-1.png','2019-09-23 09:17:32',NULL),(989,'214','Pasta',90,'makanan',13500,'mangkuk','./images/no-menu-1.png','2019-08-30 06:30:33',NULL),(990,'215','Veggie Sandwich',66,'minuman',11000,'piring','./images/no-menu-1.png','2019-09-29 05:29:08',NULL),(991,'215','Bacon Cheese Dog',5,'makanan',19500,'gelas','./images/no-menu-1.png','2019-08-31 06:08:54',NULL),(992,'216','Bacon Cheeseburger',4,'camilan',6500,'gelas','./images/no-menu-1.png','2019-09-26 12:06:19',NULL),(993,'216','Bacon Cheese Dog',51,'makanan',12500,'mangkuk','./images/no-menu-1.png','2019-09-07 03:10:50',NULL),(994,'216','Bacon Cheeseburger',23,'minuman',9500,'gelas','./images/no-menu-1.png','2019-08-31 09:16:11',NULL),(995,'217','Cheese Pizza',76,'minuman',6000,'piring','./images/no-menu-1.png','2019-09-12 12:55:26',NULL),(996,'217','Little Bacon Cheeseburger',96,'minuman',17500,'piring','./images/no-menu-1.png','2019-09-27 08:45:11',NULL),(997,'217','Pasta',54,'minuman',10500,'mangkuk','./images/no-menu-1.png','2019-09-21 04:45:55',NULL),(998,'217','Bacon Cheese Dog',6,'minuman',14000,'mangkuk','./images/no-menu-1.png','2019-09-23 06:01:26',NULL),(999,'217','Cheese Pizza',99,'minuman',11000,'piring','./images/no-menu-1.png','2019-09-05 01:09:33',NULL),(1000,'217','Cheeseburger',55,'minuman',14500,'piring','./images/no-menu-1.png','2019-08-31 05:40:34',NULL),(1001,'217','Little Cheeseburger',42,'minuman',17000,'mangkuk','./images/no-menu-1.png','2019-09-26 11:47:07',NULL),(1002,'218','Bacon Burger',65,'minuman',17000,'mangkuk','./images/no-menu-1.png','2019-09-15 08:46:42',NULL),(1003,'218','Hamburger',14,'camilan',10000,'piring','./images/no-menu-1.png','2019-09-27 11:34:41',NULL),(1004,'218','Cheeseburger',10,'camilan',19000,'mangkuk','./images/no-menu-1.png','2019-09-13 10:54:50',NULL),(1005,'218','Cheeseburger',73,'minuman',11000,'piring','./images/no-menu-1.png','2019-08-29 02:24:31',NULL),(1006,'219','Little Bacon Burger',15,'minuman',11000,'piring','./images/no-menu-1.png','2019-09-02 04:54:43',NULL),(1007,'219','Grilled Cheese',59,'camilan',15500,'piring','./images/no-menu-1.png','2019-09-30 09:42:42',NULL),(1008,'219','Cheese Veggie Sandwich',6,'makanan',5000,'gelas','./images/no-menu-1.png','2019-08-29 06:29:53',NULL),(1009,'219','Bacon Burger',23,'camilan',19000,'mangkuk','./images/no-menu-1.png','2019-09-30 10:52:19',NULL),(1010,'219','Bacon Cheeseburger',45,'makanan',10000,'gelas','./images/no-menu-1.png','2019-09-16 05:04:48',NULL),(1011,'219','Veggie Sandwich',24,'minuman',11000,'piring','./images/no-menu-1.png','2019-09-11 11:52:42',NULL),(1012,'220','Bacon Burger',15,'camilan',10000,'piring','./images/no-menu-1.png','2019-09-01 12:53:46',NULL),(1013,'220','Bacon Cheese Dog',19,'minuman',9500,'gelas','./images/no-menu-1.png','2019-09-18 12:22:40',NULL),(1014,'220','Little Hamburger',88,'minuman',14000,'mangkuk','./images/no-menu-1.png','2019-09-07 04:40:19',NULL),(1015,'221','Little Bacon Cheeseburger',46,'minuman',11000,'piring','./images/no-menu-1.png','2019-09-06 05:48:14',NULL),(1016,'221','Pasta',12,'minuman',18000,'mangkuk','./images/no-menu-1.png','2019-09-06 12:34:59',NULL),(1017,'221','Cheese Pizza',4,'minuman',6000,'gelas','./images/no-menu-1.png','2019-09-16 08:58:43',NULL),(1018,'221','Little Bacon Cheeseburger',66,'camilan',10000,'piring','./images/no-menu-1.png','2019-09-03 07:57:05',NULL),(1019,'221','Little Hamburger',72,'minuman',18000,'mangkuk','./images/no-menu-1.png','2019-09-13 09:32:23',NULL),(1020,'221','Little Bacon Burger',52,'minuman',14500,'piring','./images/no-menu-1.png','2019-09-29 01:32:56',NULL),(1021,'221','Bacon Dog',71,'camilan',17000,'gelas','./images/no-menu-1.png','2019-09-22 10:06:59',NULL),(1022,'221','Cheeseburger',52,'minuman',17000,'mangkuk','./images/no-menu-1.png','2019-09-30 04:28:03',NULL),(1023,'222','Veggie Sandwich',99,'camilan',19000,'mangkuk','./images/no-menu-1.png','2019-09-07 08:33:25',NULL),(1024,'222','Bacon Cheese Dog',64,'camilan',6500,'mangkuk','./images/no-menu-1.png','2019-09-21 12:00:29',NULL),(1025,'222','Grilled Cheese',27,'minuman',17500,'piring','./images/no-menu-1.png','2019-09-28 05:27:37',NULL),(1026,'222','Veggie Sandwich',42,'makanan',5000,'gelas','./images/no-menu-1.png','2019-09-01 05:50:19',NULL),(1027,'222','Cheeseburger',21,'minuman',17000,'mangkuk','./images/no-menu-1.png','2019-09-23 03:17:33',NULL),(1028,'223','Little Hamburger',41,'makanan',10000,'gelas','./images/no-menu-1.png','2019-09-25 01:32:10',NULL),(1029,'223','Cheese Pizza',14,'camilan',15500,'piring','./images/no-menu-1.png','2019-09-14 11:01:27',NULL),(1030,'223','Cheeseburger',78,'camilan',17000,'gelas','./images/no-menu-1.png','2019-09-20 09:48:30',NULL),(1031,'223','Cheese Pizza',82,'minuman',16000,'mangkuk','./images/no-menu-1.png','2019-09-05 12:20:54',NULL),(1032,'223','Veggie Sandwich',25,'minuman',14500,'piring','./images/no-menu-1.png','2019-09-27 12:59:05',NULL),(1033,'223','Cheese Pizza',58,'makanan',13500,'mangkuk','./images/no-menu-1.png','2019-09-21 11:34:13',NULL),(1034,'224','Little Cheeseburger',22,'minuman',16000,'mangkuk','./images/no-menu-1.png','2019-09-03 02:15:16',NULL),(1035,'224','Bacon Cheese Dog',21,'camilan',6500,'gelas','./images/no-menu-1.png','2019-09-05 12:42:01',NULL),(1036,'224','Bacon Cheeseburger',57,'minuman',6000,'piring','./images/no-menu-1.png','2019-09-09 10:02:55',NULL),(1037,'225','Little Bacon Cheeseburger',69,'minuman',6000,'piring','./images/no-menu-1.png','2019-09-22 05:00:08',NULL),(1038,'225','Cheese Dog',74,'minuman',16000,'mangkuk','./images/no-menu-1.png','2019-09-16 01:56:39',NULL),(1039,'225','Little Cheeseburger',9,'minuman',16000,'mangkuk','./images/no-menu-1.png','2019-08-29 07:28:26',NULL),(1040,'226','Little Bacon Burger',24,'minuman',11000,'piring','./images/no-menu-1.png','2019-09-02 04:32:03',NULL),(1041,'226','Bacon Cheeseburger',48,'camilan',6500,'mangkuk','./images/no-menu-1.png','2019-09-11 12:50:38',NULL),(1042,'226','Bacon Burger',53,'camilan',19000,'mangkuk','./images/no-menu-1.png','2019-09-26 09:06:56',NULL),(1043,'226','Hamburger',4,'camilan',15500,'piring','./images/no-menu-1.png','2019-09-15 09:08:26',NULL),(1044,'226','Little Bacon Cheeseburger',89,'makanan',5000,'gelas','./images/no-menu-1.png','2019-09-24 06:29:03',NULL),(1045,'226','Little Bacon Cheeseburger',83,'minuman',9500,'gelas','./images/no-menu-1.png','2019-09-30 01:17:49',NULL),(1046,'227','Bacon Cheeseburger',9,'minuman',17500,'piring','./images/no-menu-1.png','2019-09-25 02:02:52',NULL),(1047,'227','Grilled Cheese',55,'camilan',19000,'mangkuk','./images/no-menu-1.png','2019-09-27 11:12:43',NULL),(1048,'227','Cheese Dog',44,'makanan',19500,'gelas','./images/no-menu-1.png','2019-09-22 03:20:15',NULL),(1049,'228','Bacon Cheeseburger',3,'camilan',17000,'gelas','./images/no-menu-1.png','2019-09-18 11:12:15',NULL),(1050,'228','Bacon Cheeseburger',54,'minuman',18000,'mangkuk','./images/no-menu-1.png','2019-09-13 09:54:31',NULL),(1051,'229','Cheese Dog',6,'minuman',10500,'mangkuk','./images/no-menu-1.png','2019-09-21 12:10:44',NULL),(1052,'229','Cheeseburger',31,'makanan',8000,'gelas','./images/no-menu-1.png','2019-08-29 10:44:27',NULL),(1053,'229','Bacon Dog',95,'camilan',15500,'piring','./images/no-menu-1.png','2019-09-24 10:27:58',NULL),(1054,'230','Little Hamburger',67,'minuman',16000,'mangkuk','./images/no-menu-1.png','2019-09-25 12:57:28',NULL),(1055,'230','Pasta',38,'makanan',12500,'mangkuk','./images/no-menu-1.png','2019-09-27 04:24:34',NULL),(1056,'231','Veggie Sandwich',45,'camilan',14500,'mangkuk','./images/no-menu-1.png','2019-09-13 12:50:24',NULL),(1057,'231','Little Bacon Burger',13,'camilan',10000,'gelas','./images/no-menu-1.png','2019-09-14 01:09:36',NULL),(1058,'231','Bacon Cheese Dog',12,'minuman',6000,'gelas','./images/no-menu-1.png','2019-09-18 06:23:29',NULL),(1059,'231','Pasta',55,'minuman',18000,'mangkuk','./images/no-menu-1.png','2019-09-06 05:55:24',NULL),(1060,'231','Bacon Cheese Dog',29,'camilan',17000,'gelas','./images/no-menu-1.png','2019-09-14 03:17:47',NULL),(1061,'231','Cheeseburger',46,'camilan',14500,'mangkuk','./images/no-menu-1.png','2019-09-06 06:22:29',NULL),(1062,'231','Hamburger',43,'camilan',6500,'mangkuk','./images/no-menu-1.png','2019-09-01 11:03:23',NULL),(1063,'232','Little Bacon Burger',95,'camilan',6500,'mangkuk','./images/no-menu-1.png','2019-09-26 07:39:00',NULL),(1064,'232','Grilled Cheese',25,'minuman',10500,'mangkuk','./images/no-menu-1.png','2019-09-05 05:42:22',NULL),(1065,'232','Bacon Burger',11,'minuman',18000,'mangkuk','./images/no-menu-1.png','2019-09-07 01:19:25',NULL),(1066,'232','Cheese Pizza',11,'camilan',10000,'piring','./images/no-menu-1.png','2019-09-25 08:37:58',NULL),(1067,'232','Bacon Burger',53,'makanan',13500,'mangkuk','./images/no-menu-1.png','2019-09-14 05:35:33',NULL),(1068,'232','Bacon Cheese Dog',81,'camilan',14500,'mangkuk','./images/no-menu-1.png','2019-09-07 03:29:08',NULL),(1069,'233','Bacon Cheeseburger',50,'minuman',17500,'piring','./images/no-menu-1.png','2019-09-29 11:25:19',NULL),(1070,'233','Cheese Pizza',98,'minuman',17000,'mangkuk','./images/no-menu-1.png','2019-09-11 06:35:46',NULL),(1071,'233','Cheeseburger',41,'makanan',13500,'mangkuk','./images/no-menu-1.png','2019-09-15 02:18:47',NULL),(1072,'233','Little Cheeseburger',9,'makanan',5000,'gelas','./images/no-menu-1.png','2019-09-24 05:27:55',NULL),(1073,'233','Bacon Cheeseburger',1,'camilan',10000,'gelas','./images/no-menu-1.png','2019-09-16 02:09:20',NULL),(1074,'234','Pasta',21,'camilan',14500,'mangkuk','./images/no-menu-1.png','2019-08-29 04:06:54',NULL),(1075,'234','Bacon Cheese Dog',39,'minuman',17500,'piring','./images/no-menu-1.png','2019-09-21 11:22:21',NULL),(1076,'234','Bacon Dog',35,'minuman',9500,'gelas','./images/no-menu-1.png','2019-09-14 01:03:11',NULL),(1077,'234','Bacon Cheese Dog',54,'minuman',6000,'piring','./images/no-menu-1.png','2019-09-23 02:00:24',NULL),(1078,'234','Cheese Dog',21,'minuman',16000,'mangkuk','./images/no-menu-1.png','2019-09-07 06:12:03',NULL),(1079,'234','Bacon Dog',1,'camilan',19000,'mangkuk','./images/no-menu-1.png','2019-08-30 12:58:54',NULL),(1080,'235','Cheese Pizza',53,'camilan',19000,'mangkuk','./images/no-menu-1.png','2019-09-21 08:17:47',NULL),(1081,'236','Cheese Pizza',94,'minuman',17500,'piring','./images/no-menu-1.png','2019-09-13 12:13:37',NULL),(1082,'236','Little Hamburger',1,'minuman',6000,'gelas','./images/no-menu-1.png','2019-09-15 03:18:16',NULL),(1083,'236','Bacon Cheeseburger',86,'makanan',5000,'gelas','./images/no-menu-1.png','2019-08-28 02:19:53',NULL),(1084,'236','Hamburger',46,'makanan',5000,'gelas','./images/no-menu-1.png','2019-09-06 08:47:53',NULL),(1085,'237','Cheeseburger',13,'makanan',5000,'gelas','./images/no-menu-1.png','2019-09-09 01:34:35',NULL),(1086,'237','Bacon Cheeseburger',68,'makanan',12500,'mangkuk','./images/no-menu-1.png','2019-09-29 04:24:19',NULL),(1087,'237','Little Cheeseburger',18,'makanan',19500,'gelas','./images/no-menu-1.png','2019-09-18 07:46:56',NULL),(1088,'237','Bacon Cheese Dog',85,'camilan',6500,'gelas','./images/no-menu-1.png','2019-09-03 02:40:20',NULL),(1089,'237','Bacon Cheese Dog',36,'camilan',19000,'mangkuk','./images/no-menu-1.png','2019-09-15 07:35:07',NULL),(1090,'237','Little Hamburger',2,'camilan',15500,'piring','./images/no-menu-1.png','2019-09-25 09:25:25',NULL),(1091,'238','Little Bacon Burger',91,'minuman',11000,'piring','./images/no-menu-1.png','2019-09-23 08:14:09',NULL),(1092,'238','Hamburger',44,'minuman',16000,'mangkuk','./images/no-menu-1.png','2019-09-30 09:21:55',NULL),(1093,'238','Bacon Cheese Dog',1,'minuman',6000,'piring','./images/no-menu-1.png','2019-09-06 12:36:08',NULL),(1094,'239','Little Bacon Burger',44,'makanan',13500,'mangkuk','./images/no-menu-1.png','2019-08-31 12:33:02',NULL),(1095,'239','Bacon Burger',25,'minuman',9500,'gelas','./images/no-menu-1.png','2019-09-21 01:06:29',NULL),(1096,'239','Cheeseburger',9,'minuman',14500,'piring','./images/no-menu-1.png','2019-09-15 04:01:10',NULL),(1097,'239','Pasta',35,'minuman',6000,'piring','./images/no-menu-1.png','2019-09-15 03:01:21',NULL),(1098,'239','Little Cheeseburger',76,'camilan',10000,'piring','./images/no-menu-1.png','2019-09-13 08:01:54',NULL),(1099,'239','Cheeseburger',7,'camilan',10000,'gelas','./images/no-menu-1.png','2019-09-15 03:30:17',NULL),(1100,'239','Bacon Burger',64,'camilan',10000,'gelas','./images/no-menu-1.png','2019-09-29 06:37:52',NULL),(1101,'239','Cheeseburger',79,'camilan',15500,'piring','./images/no-menu-1.png','2019-09-07 07:29:35',NULL),(1102,'240','Cheese Dog',48,'makanan',12500,'mangkuk','./images/no-menu-1.png','2019-09-15 11:14:10',NULL),(1103,'240','Cheese Veggie Sandwich',29,'makanan',10000,'gelas','./images/no-menu-1.png','2019-09-11 04:41:59',NULL),(1104,'240','Little Bacon Cheeseburger',27,'minuman',18000,'mangkuk','./images/no-menu-1.png','2019-09-06 09:40:57',NULL),(1105,'241','Pasta',65,'minuman',16000,'mangkuk','./images/no-menu-1.png','2019-09-03 08:15:20',NULL),(1106,'241','Little Bacon Burger',18,'minuman',17000,'mangkuk','./images/no-menu-1.png','2019-09-01 09:13:54',NULL),(1107,'241','Pasta',7,'makanan',19500,'gelas','./images/no-menu-1.png','2019-09-09 07:01:11',NULL),(1108,'241','Veggie Sandwich',91,'camilan',14500,'mangkuk','./images/no-menu-1.png','2019-09-13 11:39:35',NULL),(1109,'242','Veggie Sandwich',42,'camilan',10000,'piring','./images/no-menu-1.png','2019-09-03 12:52:45',NULL),(1110,'242','Pasta',98,'minuman',6000,'piring','./images/no-menu-1.png','2019-09-11 06:50:09',NULL),(1111,'242','Little Cheeseburger',66,'minuman',6000,'piring','./images/no-menu-1.png','2019-09-02 05:32:02',NULL),(1112,'243','Little Hamburger',50,'camilan',6500,'mangkuk','./images/no-menu-1.png','2019-09-20 05:20:46',NULL),(1113,'243','Bacon Cheeseburger',64,'makanan',19500,'gelas','./images/no-menu-1.png','2019-08-31 06:50:46',NULL),(1114,'243','Veggie Sandwich',39,'minuman',10500,'mangkuk','./images/no-menu-1.png','2019-09-07 05:35:26',NULL),(1115,'243','Grilled Cheese',97,'makanan',10000,'gelas','./images/no-menu-1.png','2019-09-06 10:04:11',NULL),(1116,'243','Little Bacon Burger',39,'camilan',6500,'gelas','./images/no-menu-1.png','2019-09-24 11:28:06',NULL),(1117,'243','Cheese Pizza',61,'camilan',10000,'gelas','./images/no-menu-1.png','2019-09-20 05:40:38',NULL),(1118,'244','Little Cheeseburger',20,'makanan',12500,'mangkuk','./images/no-menu-1.png','2019-09-09 04:56:56',NULL),(1119,'244','Cheese Dog',52,'minuman',17000,'mangkuk','./images/no-menu-1.png','2019-08-29 02:10:56',NULL),(1120,'244','Pasta',25,'camilan',6500,'gelas','./images/no-menu-1.png','2019-09-10 02:32:24',NULL),(1121,'244','Cheese Veggie Sandwich',26,'minuman',17500,'piring','./images/no-menu-1.png','2019-09-24 12:08:57',NULL),(1122,'245','Bacon Cheeseburger',29,'minuman',6000,'piring','./images/no-menu-1.png','2019-09-23 08:26:02',NULL),(1123,'246','Cheese Pizza',40,'minuman',9500,'gelas','./images/no-menu-1.png','2019-09-01 03:42:52',NULL),(1124,'246','Hamburger',61,'minuman',10500,'mangkuk','./images/no-menu-1.png','2019-08-30 11:43:10',NULL),(1125,'246','Cheese Pizza',83,'minuman',6000,'piring','./images/no-menu-1.png','2019-09-03 09:08:43',NULL),(1126,'247','Little Bacon Cheeseburger',6,'makanan',19500,'gelas','./images/no-menu-1.png','2019-09-04 02:04:43',NULL),(1127,'247','Bacon Cheeseburger',34,'minuman',14500,'piring','./images/no-menu-1.png','2019-09-08 05:04:27',NULL),(1128,'247','Bacon Cheese Dog',10,'minuman',17500,'piring','./images/no-menu-1.png','2019-08-31 07:51:09',NULL),(1129,'247','Pasta',93,'camilan',14500,'mangkuk','./images/no-menu-1.png','2019-09-20 04:38:45',NULL),(1130,'247','Pasta',65,'camilan',14500,'mangkuk','./images/no-menu-1.png','2019-09-24 02:51:30',NULL),(1131,'248','Bacon Cheeseburger',93,'minuman',14500,'piring','./images/no-menu-1.png','2019-09-26 05:40:44',NULL),(1132,'248','Bacon Dog',33,'minuman',14000,'mangkuk','./images/no-menu-1.png','2019-09-18 06:37:08',NULL),(1133,'248','Grilled Cheese',69,'minuman',14000,'mangkuk','./images/no-menu-1.png','2019-09-16 11:37:52',NULL),(1134,'248','Cheese Pizza',76,'camilan',6500,'mangkuk','./images/no-menu-1.png','2019-09-18 10:50:42',NULL),(1135,'248','Veggie Sandwich',78,'makanan',8000,'gelas','./images/no-menu-1.png','2019-09-27 12:56:50',NULL),(1136,'249','Little Bacon Cheeseburger',45,'camilan',14500,'mangkuk','./images/no-menu-1.png','2019-09-02 02:15:09',NULL),(1137,'249','Bacon Cheeseburger',20,'makanan',19500,'gelas','./images/no-menu-1.png','2019-09-27 08:13:19',NULL),(1138,'249','Grilled Cheese',62,'makanan',8000,'gelas','./images/no-menu-1.png','2019-09-13 05:09:29',NULL),(1139,'249','Little Cheeseburger',35,'minuman',11000,'piring','./images/no-menu-1.png','2019-08-30 06:27:04',NULL),(1140,'249','Grilled Cheese',23,'camilan',17000,'gelas','./images/no-menu-1.png','2019-09-26 06:16:14',NULL),(1141,'249','Cheeseburger',19,'makanan',8000,'gelas','./images/no-menu-1.png','2019-09-30 12:15:31',NULL),(1142,'249','Pasta',12,'makanan',8000,'gelas','./images/no-menu-1.png','2019-09-04 03:54:02',NULL),(1143,'250','Hamburger',11,'minuman',14000,'mangkuk','./images/no-menu-1.png','2019-09-19 03:39:28',NULL);

#
# Structure for table "transaksi"
#

DROP TABLE IF EXISTS `transaksi`;
CREATE TABLE `transaksi` (
  `kode_transaksi` int(11) NOT NULL AUTO_INCREMENT,
  `nik` varchar(16) NOT NULL DEFAULT '',
  `nama_customer` varchar(50) NOT NULL DEFAULT '',
  `nomor_meja` int(2) NOT NULL DEFAULT '0',
  `uang_dibayarkan` int(8) NOT NULL DEFAULT '0',
  `created_at` timestamp NULL DEFAULT NULL,
  `updated_at` timestamp NULL DEFAULT NULL,
  PRIMARY KEY (`kode_transaksi`),
  KEY `Foreign Key` (`nik`)
) ENGINE=InnoDB DEFAULT CHARSET=latin1 ROW_FORMAT=DYNAMIC;

#
# Data for table "transaksi"
#

INSERT INTO `transaksi` VALUES (1,'4184228028113168','Rudolph Johnston',4,300000,'2019-09-20 06:17:13',NULL),(2,'5682905397098938','Tamara Murphy DVM',2,425000,'2019-09-20 06:17:13',NULL),(3,'6968109494229619','Freeda Roberts',10,225000,'2019-09-20 06:17:13',NULL),(4,'8098628051800406','Jaren Schoen',2,425000,'2019-09-20 06:17:13',NULL),(5,'9435823877595797','Lilly Dare',5,375000,'2019-09-20 06:17:13',NULL),(6,'4184228028113168','Theresia Crooks',6,450000,'2019-09-10 09:22:32',NULL),(7,'5682905397098938','Prof. Howell Sipes I',2,500000,'2019-09-10 09:22:32',NULL),(8,'6968109494229619','Theron Rowe',8,450000,'2019-09-10 09:22:32',NULL),(9,'8098628051800406','Misael Rempel',1,450000,'2019-09-10 09:22:32',NULL),(10,'9435823877595797','Trenton Pfeffer',10,175000,'2019-09-10 09:22:32',NULL),(11,'4184228028113168','Dr. Willard Schinner',3,200000,'2019-08-31 12:54:44',NULL),(12,'5682905397098938','Dr. Myrna Kertzmann',9,350000,'2019-08-31 12:54:44',NULL),(13,'6968109494229619','Prof. Brittany Schiller',4,150000,'2019-08-31 12:54:44',NULL),(14,'8098628051800406','Milford Ritchie',1,500000,'2019-08-31 12:54:44',NULL),(15,'9435823877595797','Dr. Taylor Schinner',10,475000,'2019-08-31 12:54:44',NULL),(16,'4184228028113168','Flavio Hegmann I',8,300000,'2019-09-13 02:36:55',NULL),(17,'5682905397098938','Herminio Runte',10,425000,'2019-09-13 02:36:55',NULL),(18,'6968109494229619','Ignatius Heathcote',2,425000,'2019-09-13 02:36:55',NULL),(19,'8098628051800406','Leland Franecki',6,350000,'2019-09-13 02:36:55',NULL),(20,'9435823877595797','Kennedy Kohler DDS',1,500000,'2019-09-13 02:36:55',NULL),(21,'4184228028113168','Dr. Celia Price Sr.',5,350000,'2019-09-12 02:51:48',NULL),(22,'5682905397098938','Prof. Gia Hammes',1,250000,'2019-09-12 02:51:48',NULL),(23,'6968109494229619','Glenda Ledner',7,175000,'2019-09-12 02:51:48',NULL),(24,'8098628051800406','Dr. Ernesto Marks DDS',6,500000,'2019-09-12 02:51:48',NULL),(25,'9435823877595797','Miguel Roberts',10,150000,'2019-09-12 02:51:48',NULL),(26,'4184228028113168','Dr. Jared Jenkins',8,375000,'2019-08-30 12:15:43',NULL),(27,'5682905397098938','Prof. Miracle Lakin V',2,200000,'2019-08-30 12:15:43',NULL),(28,'6968109494229619','Jamey Green',8,150000,'2019-08-30 12:15:43',NULL),(29,'8098628051800406','Myrtle Donnelly',3,500000,'2019-08-30 12:15:43',NULL),(30,'9435823877595797','Nathanael Wilkinson',9,300000,'2019-08-30 12:15:43',NULL),(31,'4184228028113168','Prof. Emerson Schmidt',2,150000,'2019-09-22 05:52:26',NULL),(32,'5682905397098938','Nyah Bartell',8,500000,'2019-09-22 05:52:26',NULL),(33,'6968109494229619','Myah Weissnat',10,500000,'2019-09-22 05:52:26',NULL),(34,'8098628051800406','Vinnie Harvey',9,400000,'2019-09-22 05:52:26',NULL),(35,'9435823877595797','Dr. Devin Kozey',6,475000,'2019-09-22 05:52:26',NULL),(36,'4184228028113168','Jackeline Stark',3,500000,'2019-09-14 02:39:08',NULL),(37,'5682905397098938','Bradford Rowe',5,325000,'2019-09-14 02:39:08',NULL),(38,'6968109494229619','Mrs. Ruth Price Sr.',6,400000,'2019-09-14 02:39:08',NULL),(39,'8098628051800406','Eusebio Kerluke DVM',1,150000,'2019-09-14 02:39:08',NULL),(40,'9435823877595797','Ms. Lera Thiel V',8,450000,'2019-09-14 02:39:08',NULL),(41,'4184228028113168','Gretchen Vandervort',6,325000,'2019-09-05 05:07:38',NULL),(42,'5682905397098938','Arvel Gerhold',9,275000,'2019-09-05 05:07:38',NULL),(43,'6968109494229619','Mr. Mathias Muller',1,225000,'2019-09-05 05:07:38',NULL),(44,'8098628051800406','Ms. Alysson Mante',5,375000,'2019-09-05 05:07:38',NULL),(45,'9435823877595797','Darion Corkery',9,200000,'2019-09-05 05:07:38',NULL),(46,'4184228028113168','Ona Welch II',9,200000,'2019-09-06 03:47:40',NULL),(47,'5682905397098938','Brandyn Kuhic',9,300000,'2019-09-06 03:47:40',NULL),(48,'6968109494229619','Marvin Armstrong',3,325000,'2019-09-06 03:47:40',NULL),(49,'8098628051800406','Francisco Yundt',10,175000,'2019-09-06 03:47:40',NULL),(50,'9435823877595797','Mariana Beahan',6,275000,'2019-09-06 03:47:40',NULL),(51,'4184228028113168','Amina Kshlerin',5,450000,'2019-09-30 03:19:03',NULL),(52,'5682905397098938','Saul Schaden',8,250000,'2019-09-30 03:19:03',NULL),(53,'6968109494229619','Imani Ernser',8,350000,'2019-09-30 03:19:03',NULL),(54,'8098628051800406','Norwood Brekke',10,250000,'2019-09-30 03:19:03',NULL),(55,'9435823877595797','Prof. Alanna O\'Conner II',8,450000,'2019-09-30 03:19:03',NULL),(56,'4184228028113168','Suzanne Anderson',9,200000,'2019-09-23 09:36:07',NULL),(57,'5682905397098938','Dr. Bell Pacocha I',5,475000,'2019-09-23 09:36:07',NULL),(58,'6968109494229619','Dr. Lavonne Jones',4,325000,'2019-09-23 09:36:07',NULL),(59,'8098628051800406','Ethan Klocko',1,375000,'2019-09-23 09:36:07',NULL),(60,'9435823877595797','Jordyn Reilly PhD',7,400000,'2019-09-23 09:36:07',NULL),(61,'4184228028113168','Arvilla Schowalter',6,425000,'2019-09-18 12:43:52',NULL),(62,'5682905397098938','Abigail Weimann MD',1,500000,'2019-09-18 12:43:52',NULL),(63,'6968109494229619','Tommie Steuber',1,325000,'2019-09-18 12:43:52',NULL),(64,'8098628051800406','Karina Hintz',4,275000,'2019-09-18 12:43:52',NULL),(65,'9435823877595797','Madyson Conroy II',5,275000,'2019-09-18 12:43:52',NULL),(66,'4184228028113168','Prof. Pasquale Spinka DDS',4,175000,'2019-09-05 03:36:53',NULL),(67,'5682905397098938','Norwood Kunze',3,500000,'2019-09-05 03:36:53',NULL),(68,'6968109494229619','Logan Kuphal',5,150000,'2019-09-05 03:36:53',NULL),(69,'8098628051800406','Meda Gleichner',8,500000,'2019-09-05 03:36:53',NULL),(70,'9435823877595797','Jaleel Anderson',2,450000,'2019-09-05 03:36:53',NULL),(71,'4184228028113168','Wava Bergnaum MD',7,250000,'2019-09-29 08:11:45',NULL),(72,'5682905397098938','Alfreda Schultz',5,250000,'2019-09-29 08:11:45',NULL),(73,'6968109494229619','Jillian Kovacek',1,425000,'2019-09-29 08:11:45',NULL),(74,'8098628051800406','Dorthy Corwin',3,375000,'2019-09-29 08:11:45',NULL),(75,'9435823877595797','Dr. Hattie Satterfield DVM',4,225000,'2019-09-29 08:11:45',NULL),(76,'4184228028113168','Kaitlyn Bogisich',1,500000,'2019-09-16 02:01:03',NULL),(77,'5682905397098938','Myrtis Lubowitz MD',2,300000,'2019-09-16 02:01:03',NULL),(78,'6968109494229619','Amely Purdy',10,175000,'2019-09-16 02:01:03',NULL),(79,'8098628051800406','Prof. Orval Williamson',4,375000,'2019-09-16 02:01:03',NULL),(80,'9435823877595797','Dr. Abe Price',8,425000,'2019-09-16 02:01:03',NULL),(81,'4184228028113168','Prof. Cole Lebsack',2,300000,'2019-09-11 10:43:36',NULL),(82,'5682905397098938','Daisha Funk',10,125000,'2019-09-11 10:43:36',NULL),(83,'6968109494229619','Eleanore Sporer',9,150000,'2019-09-11 10:43:36',NULL),(84,'8098628051800406','Margarita Beer',6,150000,'2019-09-11 10:43:36',NULL),(85,'9435823877595797','Ariel Rempel',5,475000,'2019-09-11 10:43:36',NULL),(86,'4184228028113168','Dr. Maxine Howe',10,200000,'2019-09-03 07:08:45',NULL),(87,'5682905397098938','Leatha O\'Conner',3,150000,'2019-09-03 07:08:45',NULL),(88,'6968109494229619','Velva Stokes',9,200000,'2019-09-03 07:08:45',NULL),(89,'8098628051800406','Alessia Hill',2,250000,'2019-09-03 07:08:45',NULL),(90,'9435823877595797','Prof. Jules Prosacco III',8,425000,'2019-09-03 07:08:45',NULL),(91,'4184228028113168','Miss Mittie Bergstrom',8,225000,'2019-09-12 10:02:24',NULL),(92,'5682905397098938','Lynn Dooley IV',6,275000,'2019-09-12 10:02:24',NULL),(93,'6968109494229619','Noelia Orn V',7,400000,'2019-09-12 10:02:24',NULL),(94,'8098628051800406','Lucio Marquardt V',6,325000,'2019-09-12 10:02:24',NULL),(95,'9435823877595797','Kennedi Swift',10,325000,'2019-09-12 10:02:24',NULL),(96,'4184228028113168','Romaine Franecki',2,300000,'2019-09-03 06:37:11',NULL),(97,'5682905397098938','Ardith Fadel',5,250000,'2019-09-03 06:37:11',NULL),(98,'6968109494229619','Dr. Evans King DDS',4,450000,'2019-09-03 06:37:11',NULL),(99,'8098628051800406','Miss Citlalli Macejkovic',10,425000,'2019-09-03 06:37:11',NULL),(100,'9435823877595797','Kamren Klein',6,150000,'2019-09-03 06:37:11',NULL),(101,'4184228028113168','Olaf Lowe',4,425000,'2019-09-29 11:25:00',NULL),(102,'5682905397098938','Elisabeth Terry',8,125000,'2019-09-29 11:25:00',NULL),(103,'6968109494229619','Jerad Runolfsdottir IV',1,325000,'2019-09-29 11:25:00',NULL),(104,'8098628051800406','Dr. Demond Padberg',6,200000,'2019-09-29 11:25:00',NULL),(105,'9435823877595797','Esteban Steuber',1,200000,'2019-09-29 11:25:00',NULL),(106,'4184228028113168','Miss Mazie Muller DDS',6,400000,'2019-09-28 06:34:12',NULL),(107,'5682905397098938','Sandrine Shields',1,200000,'2019-09-28 06:34:12',NULL),(108,'6968109494229619','Thad Bradtke',8,500000,'2019-09-28 06:34:12',NULL),(109,'8098628051800406','Ahmad Greenfelder',3,325000,'2019-09-28 06:34:12',NULL),(110,'9435823877595797','Mrs. Rachel Torphy',2,450000,'2019-09-28 06:34:12',NULL),(111,'4184228028113168','Prof. Jameson Cremin',3,425000,'2019-09-30 08:09:46',NULL),(112,'5682905397098938','Amani Lueilwitz',3,175000,'2019-09-30 08:09:46',NULL),(113,'6968109494229619','Buddy Legros III',6,225000,'2019-09-30 08:09:46',NULL),(114,'8098628051800406','Santos Kihn',6,175000,'2019-09-30 08:09:46',NULL),(115,'9435823877595797','Deontae Boyle',5,150000,'2019-09-30 08:09:46',NULL),(116,'4184228028113168','Lottie Cronin',1,125000,'2019-09-03 10:01:24',NULL),(117,'5682905397098938','Daryl Veum',2,500000,'2019-09-03 10:01:24',NULL),(118,'6968109494229619','Ms. Lois Stamm I',6,200000,'2019-09-03 10:01:24',NULL),(119,'8098628051800406','Zula Beer Sr.',3,250000,'2019-09-03 10:01:24',NULL),(120,'9435823877595797','Mr. Jerad Tremblay',3,300000,'2019-09-03 10:01:24',NULL),(121,'4184228028113168','Marquis Gaylord',4,300000,'2019-09-12 07:57:04',NULL),(122,'5682905397098938','Mrs. Myrna Auer',2,350000,'2019-09-12 07:57:04',NULL),(123,'6968109494229619','Prof. Rusty Ondricka',8,275000,'2019-09-12 07:57:04',NULL),(124,'8098628051800406','Omer Koch',7,425000,'2019-09-12 07:57:04',NULL),(125,'9435823877595797','Ambrose Bednar',8,200000,'2019-09-12 07:57:04',NULL),(126,'4184228028113168','Ms. Nia Gottlieb',10,125000,'2019-09-02 07:28:34',NULL),(127,'5682905397098938','Bart Kunde',2,500000,'2019-09-02 07:28:34',NULL),(128,'6968109494229619','Dr. Jaylen Mante',10,275000,'2019-09-02 07:28:34',NULL),(129,'8098628051800406','Durward Wiza',5,350000,'2019-09-02 07:28:34',NULL),(130,'9435823877595797','Dr. Desmond Bashirian',10,375000,'2019-09-02 07:28:34',NULL),(131,'4184228028113168','Dr. Mallie Cassin',1,225000,'2019-08-30 02:21:37',NULL),(132,'5682905397098938','Elian Zulauf',9,125000,'2019-08-30 02:21:37',NULL),(133,'6968109494229619','Marshall Hartmann III',3,400000,'2019-08-30 02:21:37',NULL),(134,'8098628051800406','Dixie Lueilwitz DVM',5,200000,'2019-08-30 02:21:37',NULL),(135,'9435823877595797','Ms. Ruby Kuhlman',10,450000,'2019-08-30 02:21:37',NULL),(136,'4184228028113168','Anita Feeney',2,325000,'2019-09-12 08:48:07',NULL),(137,'5682905397098938','Electa Klein',9,450000,'2019-09-12 08:48:07',NULL),(138,'6968109494229619','Mr. Lee Fisher',1,225000,'2019-09-12 08:48:07',NULL),(139,'8098628051800406','Braulio Torphy',5,325000,'2019-09-12 08:48:07',NULL),(140,'9435823877595797','Kameron Luettgen',6,375000,'2019-09-12 08:48:07',NULL),(141,'4184228028113168','Hank Parisian Jr.',2,450000,'2019-09-27 12:00:18',NULL),(142,'5682905397098938','Velva Eichmann',10,150000,'2019-09-27 12:00:18',NULL),(143,'6968109494229619','Jaylan Ward MD',7,475000,'2019-09-27 12:00:18',NULL),(144,'8098628051800406','Fredrick Wilkinson I',7,400000,'2019-09-27 12:00:18',NULL),(145,'9435823877595797','Ms. Melody Blick III',4,425000,'2019-09-27 12:00:18',NULL),(146,'4184228028113168','Orin Miller',5,125000,'2019-08-30 10:21:38',NULL),(147,'5682905397098938','Lelia Stark',8,125000,'2019-08-30 10:21:38',NULL),(148,'6968109494229619','Dr. Houston Macejkovic III',6,325000,'2019-08-30 10:21:38',NULL),(149,'8098628051800406','Dixie Sporer',3,400000,'2019-08-30 10:21:38',NULL),(150,'9435823877595797','Mr. Brenden Crist',6,275000,'2019-08-30 10:21:38',NULL),(151,'4184228028113168','Lela Keeling',3,400000,'2019-09-20 08:52:51',NULL),(152,'5682905397098938','Mr. Norbert Pollich PhD',5,425000,'2019-09-20 08:52:51',NULL),(153,'6968109494229619','Abe Smitham Sr.',10,400000,'2019-09-20 08:52:51',NULL),(154,'8098628051800406','Miss Dessie Denesik IV',8,475000,'2019-09-20 08:52:51',NULL),(155,'9435823877595797','Catherine Koch',4,200000,'2019-09-20 08:52:51',NULL),(156,'4184228028113168','Ms. Shayna Bartoletti',4,400000,'2019-09-10 09:50:59',NULL),(157,'5682905397098938','Ms. Erika Pfannerstill I',4,350000,'2019-09-10 09:50:59',NULL),(158,'6968109494229619','Rod Gottlieb',2,500000,'2019-09-10 09:50:59',NULL),(159,'8098628051800406','Catharine Lynch',10,125000,'2019-09-10 09:50:59',NULL),(160,'9435823877595797','Cristina Walter',6,225000,'2019-09-10 09:50:59',NULL),(161,'4184228028113168','Sonia Yost',5,150000,'2019-09-30 08:30:29',NULL),(162,'5682905397098938','Preston Walsh',6,500000,'2019-09-30 08:30:29',NULL),(163,'6968109494229619','Mrs. Una Marvin',6,325000,'2019-09-30 08:30:29',NULL),(164,'8098628051800406','Mr. Lorenzo Gibson Sr.',10,175000,'2019-09-30 08:30:29',NULL),(165,'9435823877595797','Dr. Mozell Reinger',2,200000,'2019-09-30 08:30:29',NULL),(166,'4184228028113168','Ewell Williamson',8,500000,'2019-09-06 03:30:32',NULL),(167,'5682905397098938','Juwan Marquardt',4,200000,'2019-09-06 03:30:32',NULL),(168,'6968109494229619','Eloy Kilback',6,200000,'2019-09-06 03:30:32',NULL),(169,'8098628051800406','Lysanne Harris',9,375000,'2019-09-06 03:30:32',NULL),(170,'9435823877595797','Miss Carley Barton III',10,400000,'2019-09-06 03:30:32',NULL),(171,'4184228028113168','Dr. Leslie Goyette',10,300000,'2019-09-16 01:45:02',NULL),(172,'5682905397098938','Unique Jacobson',3,500000,'2019-09-16 01:45:02',NULL),(173,'6968109494229619','Green Kris',3,400000,'2019-09-16 01:45:02',NULL),(174,'8098628051800406','Prof. Jalen Shanahan Jr.',8,250000,'2019-09-16 01:45:02',NULL),(175,'9435823877595797','Lauren Lind II',6,300000,'2019-09-16 01:45:02',NULL),(176,'4184228028113168','Theresa Franecki',8,175000,'2019-09-23 01:52:59',NULL),(177,'5682905397098938','Dr. Verner Hermann',7,450000,'2019-09-23 01:52:59',NULL),(178,'6968109494229619','Murl Roob DVM',3,500000,'2019-09-23 01:52:59',NULL),(179,'8098628051800406','Dorcas Lockman',7,200000,'2019-09-23 01:52:59',NULL),(180,'9435823877595797','Maynard Grant',6,200000,'2019-09-23 01:52:59',NULL),(181,'4184228028113168','Francesca Block',3,375000,'2019-09-22 06:07:01',NULL),(182,'5682905397098938','Tomasa Armstrong IV',4,500000,'2019-09-22 06:07:01',NULL),(183,'6968109494229619','Dr. Andre Fritsch DVM',6,125000,'2019-09-22 06:07:01',NULL),(184,'8098628051800406','Mr. Raul Hilpert I',1,475000,'2019-09-22 06:07:01',NULL),(185,'9435823877595797','Denis Herzog',2,400000,'2019-09-22 06:07:01',NULL),(186,'4184228028113168','Thelma Pfeffer',3,500000,'2019-09-11 03:12:43',NULL),(187,'5682905397098938','Deborah Kerluke',7,375000,'2019-09-11 03:12:43',NULL),(188,'6968109494229619','Dr. Tania Schamberger',8,150000,'2019-09-11 03:12:43',NULL),(189,'8098628051800406','Mrs. Vivien King MD',1,125000,'2019-09-11 03:12:43',NULL),(190,'9435823877595797','Miss Odessa Koch IV',8,475000,'2019-09-11 03:12:43',NULL),(191,'4184228028113168','Dr. Wilmer Shields MD',9,225000,'2019-09-01 05:28:39',NULL),(192,'5682905397098938','Miss Calista Herzog MD',2,275000,'2019-09-01 05:28:39',NULL),(193,'6968109494229619','Mrs. Nola Bosco',7,375000,'2019-09-01 05:28:39',NULL),(194,'8098628051800406','Frederick Spencer',2,150000,'2019-09-01 05:28:39',NULL),(195,'9435823877595797','Kaelyn Schmidt I',10,250000,'2019-09-01 05:28:39',NULL),(196,'4184228028113168','Monty Bahringer',7,250000,'2019-08-28 02:31:31',NULL),(197,'5682905397098938','Prof. Norberto Rosenbaum',9,425000,'2019-08-28 02:31:31',NULL),(198,'6968109494229619','Estevan Vandervort PhD',6,475000,'2019-08-28 02:31:31',NULL),(199,'8098628051800406','Myrtis Nolan',9,500000,'2019-08-28 02:31:31',NULL),(200,'9435823877595797','Ms. Myrtie Jast Jr.',5,325000,'2019-08-28 02:31:31',NULL),(201,'4184228028113168','Jayce Keeling',10,225000,'2019-09-06 09:03:44',NULL),(202,'5682905397098938','Tony Littel',7,400000,'2019-09-06 09:03:44',NULL),(203,'6968109494229619','Andreanne Thiel',3,300000,'2019-09-06 09:03:44',NULL),(204,'8098628051800406','Jasen Schuster',6,350000,'2019-09-06 09:03:44',NULL),(205,'9435823877595797','Miss Joanne Kiehn DDS',1,250000,'2019-09-06 09:03:44',NULL),(206,'4184228028113168','Jody Mitchell',10,375000,'2019-09-04 10:16:16',NULL),(207,'5682905397098938','Miss Elfrieda McClure',10,325000,'2019-09-04 10:16:16',NULL),(208,'6968109494229619','Berta Kris',3,450000,'2019-09-04 10:16:16',NULL),(209,'8098628051800406','Camylle Keeling',8,500000,'2019-09-04 10:16:16',NULL),(210,'9435823877595797','Aaron Botsford',8,350000,'2019-09-04 10:16:16',NULL),(211,'4184228028113168','Adele Medhurst',5,250000,'2019-09-29 11:47:54',NULL),(212,'5682905397098938','Nedra Funk',7,325000,'2019-09-29 11:47:54',NULL),(213,'6968109494229619','Fabiola Wisozk',3,425000,'2019-09-29 11:47:54',NULL),(214,'8098628051800406','Dayton Schmeler',9,250000,'2019-09-29 11:47:54',NULL),(215,'9435823877595797','Marjorie Bartoletti',8,275000,'2019-09-29 11:47:54',NULL),(216,'4184228028113168','Dixie Rau',7,150000,'2019-09-25 08:24:28',NULL),(217,'5682905397098938','Bartholome Spencer',2,425000,'2019-09-25 08:24:28',NULL),(218,'6968109494229619','Violette Parisian',9,200000,'2019-09-25 08:24:28',NULL),(219,'8098628051800406','Mr. Landen McKenzie IV',8,325000,'2019-09-25 08:24:28',NULL),(220,'9435823877595797','Ms. Vesta Mohr Sr.',8,425000,'2019-09-25 08:24:28',NULL),(221,'4184228028113168','Abbey Grady',2,325000,'2019-09-10 04:16:23',NULL),(222,'5682905397098938','Dr. Dallin Muller',2,200000,'2019-09-10 04:16:23',NULL),(223,'6968109494229619','Dr. Jamison Kulas',10,500000,'2019-09-10 04:16:23',NULL),(224,'8098628051800406','Jessy Hoppe DVM',5,200000,'2019-09-10 04:16:23',NULL),(225,'9435823877595797','Delaney Reynolds',2,375000,'2019-09-10 04:16:23',NULL),(226,'4184228028113168','Randall Bartell',9,175000,'2019-09-11 05:48:20',NULL),(227,'5682905397098938','Darrell McLaughlin V',10,350000,'2019-09-11 05:48:20',NULL),(228,'6968109494229619','Raymond Considine',8,200000,'2019-09-11 05:48:20',NULL),(229,'8098628051800406','Emmy Goodwin',10,150000,'2019-09-11 05:48:20',NULL),(230,'9435823877595797','Jessy Wisozk',4,500000,'2019-09-11 05:48:20',NULL),(231,'4184228028113168','Jodie Jacobi',2,425000,'2019-09-02 09:48:14',NULL),(232,'5682905397098938','Palma Toy',9,225000,'2019-09-02 09:48:14',NULL),(233,'6968109494229619','Dr. Nolan Heller',3,500000,'2019-09-02 09:48:14',NULL),(234,'8098628051800406','Xander Ernser',7,250000,'2019-09-02 09:48:14',NULL),(235,'9435823877595797','Floy Kassulke',4,150000,'2019-09-02 09:48:14',NULL),(236,'4184228028113168','Jennie Walsh',7,225000,'2019-09-16 02:56:17',NULL),(237,'5682905397098938','Yasmine Runte V',7,350000,'2019-09-16 02:56:17',NULL),(238,'6968109494229619','Prof. Schuyler Mayert',4,375000,'2019-09-16 02:56:17',NULL),(239,'8098628051800406','Leslie Murray',5,175000,'2019-09-16 02:56:17',NULL),(240,'9435823877595797','Samantha Anderson DDS',1,350000,'2019-09-16 02:56:17',NULL),(241,'4184228028113168','Mr. Bennett Stanton',7,175000,'2019-09-22 10:26:14',NULL),(242,'5682905397098938','Retta Heaney',5,300000,'2019-09-22 10:26:14',NULL),(243,'6968109494229619','Virginia Smith',9,125000,'2019-09-22 10:26:14',NULL),(244,'8098628051800406','Leda Brekke PhD',4,500000,'2019-09-22 10:26:14',NULL),(245,'9435823877595797','Winnifred Kunze',8,150000,'2019-09-22 10:26:14',NULL),(246,'4184228028113168','Micaela Kessler',6,375000,'2019-09-05 06:49:29',NULL),(247,'5682905397098938','Broderick Larson',1,425000,'2019-09-05 06:49:29',NULL),(248,'6968109494229619','Miss Shanel Williamson',2,200000,'2019-09-05 06:49:29',NULL),(249,'8098628051800406','Bria Abbott',10,325000,'2019-09-05 06:49:29',NULL),(250,'9435823877595797','Nakia Goodwin',9,150000,'2019-09-05 06:49:29',NULL);
